method,profile,top3_count,false_top3_count,source_balanced_false_top3_mass,source_balanced_false_top3_share
uncorrected_centroid,it::Luigi Capuana,648,595,11.904999999999836,0.010975276967018124
uncorrected_centroid,en::L. M. Montgomery,632,563,15.597221076025273,0.014379153399848146
uncorrected_centroid,ru::Ivan Turgenev,551,463,9.259999999999891,0.008536838699251412
uncorrected_centroid,fr::Octave Feuillet,519,454,9.21333333333323,0.00849381647398521
uncorrected_centroid,de::Marie von Ebner-Eschenbach,465,449,10.17105067299314,0.009376740712446648
uncorrected_centroid,de::Arthur Schnitzler,514,444,9.493582143650455,0.008752179205014938
uncorrected_centroid,fr::Guy de Maupassant,502,442,8.862857142857042,0.00817071078219003
uncorrected_centroid,it::Antonio Fogazzaro,495,439,8.844999999999912,0.008154248195991238
uncorrected_centroid,es::Benito Perez Galdos,475,439,8.779999999999902,0.008094324382227585
uncorrected_centroid,en::Katherine Mansfield,514,436,9.708314222009784,0.008950141744594704
uncorrected_centroid,en::Jack London,479,424,8.705886685777896,0.008025998960091494
uncorrected_centroid,fr::Paul Bourget,456,424,8.506666666666574,0.007842337062811237
uncorrected_centroid,de::Wilhelm Hauff,509,419,8.501437440808083,0.007837516214250126
uncorrected_centroid,it::Federico De Roberto,461,417,8.34499999999991,0.00769329578242474
uncorrected_centroid,en::Nathaniel Hawthorne,486,416,8.327027027026938,0.007676726411883026
uncorrected_centroid,fr::Jean Lorrain,482,410,8.20761904761896,0.007566643619268615
uncorrected_centroid,en::Willa Cather,475,410,9.189908564698577,0.00847222106670645
uncorrected_centroid,ja::Natsume Soseki,449,380,10.089405687191997,0.00930147180592537
uncorrected_centroid,en::Sarah Orne Jewett,399,379,11.12177713590751,0.010253220027890482
uncorrected_centroid,de::Ricarda Huch,375,372,7.583776765869723,0.006991520408354332
uncorrected_centroid,en::Washington Irving,452,369,7.406773618538255,0.006828340352411719
uncorrected_centroid,fr::Alphonse Daudet,412,368,7.363809523809455,0.00678873154608784
uncorrected_centroid,de::Rainer Maria Rilke,378,368,7.898759689922418,0.0072819046865029765
uncorrected_centroid,en::Stephen Crane,413,365,7.365911330049194,0.0067906692114059536
uncorrected_centroid,it::Alfredo Panzini,411,362,7.239999999999934,0.0066745909484428045
uncorrected_centroid,de::Jakob Wassermann,395,362,8.156754496453487,0.007519751344019212
uncorrected_centroid,ja::Mori Ogai,389,361,9.125391713549524,0.008412742670200717
uncorrected_centroid,en::Elizabeth Cleghorn Gaskell,407,360,7.236666666666601,0.006671517932352362
uncorrected_centroid,en::Sinclair Lewis,408,359,7.627675399313265,0.007031990770430476
uncorrected_centroid,en::D. H. Lawrence,410,357,7.893421325051697,0.007276983222159661
uncorrected_centroid,en::F. Scott Fitzgerald,432,352,7.376764069264009,0.006800674404075707
uncorrected_centroid,ru::Ivan Goncharov,424,352,7.039999999999938,0.00649020998301621
uncorrected_centroid,de::Stefan Zweig,390,352,7.466511627906919,0.006883413111612007
uncorrected_centroid,en::James Baldwin,418,348,7.18150372503307,0.006620662950181554
uncorrected_centroid,en::Abraham Lincoln,396,348,7.245977421271483,0.006680101561966854
uncorrected_centroid,ru::Alexander Kuprin,427,347,7.105714285714227,0.00655079230022781
uncorrected_centroid,en::Virginia Woolf,367,337,6.984084207895993,0.006438660944362619
uncorrected_centroid,de::Gerhart Hauptmann,363,337,7.094296984365334,0.006540266635001434
uncorrected_centroid,es::Eduardo Zamacois,415,334,6.6799999999999455,0.00615832424524834
uncorrected_centroid,ru::Maxim Gorky,409,332,6.860952380952329,0.006325145118729551
uncorrected_centroid,en::George MacDonald,370,330,6.762598039215628,0.0062344717763129975
uncorrected_centroid,en::Edith Wharton,387,328,6.5753160919539715,0.00606181564509761
uncorrected_centroid,en::Gene Stratton-Porter,336,326,6.865538700429952,0.006329373268794745
uncorrected_centroid,en::James Joyce,412,321,6.757696687370547,0.006229953196387541
uncorrected_centroid,it::Alessandro Manzoni,389,321,6.419999999999951,0.005918628990193767
uncorrected_centroid,de::Heinrich Heine,351,321,7.12204935815056,0.006565851682358433
uncorrected_centroid,es::Emilia Pardo Bazan,396,320,6.3999999999999515,0.005900190893651108
uncorrected_centroid,fr::Marcel Schwob,365,319,6.448571428571378,0.005944969128111851
uncorrected_centroid,fr::Anatole France,366,309,6.225714285714241,0.0057395160523507896
uncorrected_centroid,fr::Denis Diderot,354,309,6.271428571428524,0.005781660273019724
uncorrected_centroid,en::Frank Norris,337,307,6.1616666666666235,0.005680470243184416
uncorrected_centroid,fr::Emile Gaboriau,353,301,6.039047619047579,0.005567427151285968
uncorrected_centroid,fr::Gustave Flaubert,340,295,5.9609523809523415,0.005495430774309869
uncorrected_centroid,en::Frances Hodgson Burnett,336,294,6.481356450454878,0.005975193798043911
uncorrected_centroid,en::R. Austin Freeman,336,293,6.202870456663516,0.0057184562160787255
uncorrected_centroid,de::Thomas Mann,300,293,6.289090909090874,0.005797943267369097
uncorrected_centroid,zh::Li Boyuan,391,291,5.819999999999964,0.005365486093913983
uncorrected_centroid,en::Richard Harding Davis,325,288,5.895472860472826,0.00543506488830145
uncorrected_centroid,pl::Maria Konopnicka,377,286,5.719999999999966,0.005273295611200686
uncorrected_centroid,en::Arthur Conan Doyle,323,283,5.732413793103414,0.005284739946985785
uncorrected_centroid,es::Juan Valera,347,273,5.4599999999999715,0.005033600356146113
uncorrected_centroid,en::Wilkie Collins,320,273,5.591673747784264,0.005154991019835144
uncorrected_centroid,fr::Andre Gide,321,272,5.48952380952378,0.005060818498661467
uncorrected_centroid,en::Hamlin Garland,304,272,5.509890109890082,0.005079594289280002
uncorrected_centroid,en::Thomas Hardy,333,271,5.446509785647689,0.005021163662415685
uncorrected_centroid,fr::Villiers de l'Isle-Adam,347,270,5.5028571428571125,0.00507311056302324
uncorrected_centroid,fr::Edmond About,308,268,5.390476190476163,0.00496950602054544
uncorrected_centroid,zh::Wu Jianren,367,267,5.339999999999974,0.004922971776890156
uncorrected_centroid,en::Joseph Conrad,283,267,5.631461055186661,0.005191671130588039
uncorrected_centroid,pl::Stefan Zeromski,362,266,5.415555555555545,0.004992626808273552
uncorrected_centroid,it::Sibilla Aleramo,312,266,5.444999999999969,0.005019771783739116
uncorrected_centroid,en::O. Henry,294,266,5.583118248567993,0.005147103663809131
uncorrected_centroid,en::Ambrose Bierce,290,266,5.334054054054029,0.004917490180620717
uncorrected_centroid,fr::George Sand,308,265,5.299999999999975,0.004886095583804838
uncorrected_centroid,ru::Anton Chekhov,331,262,5.737142857142823,0.005289099693951537
uncorrected_centroid,en::Benjamin Harrison,352,261,4.551588433353144,0.004196131347830959
uncorrected_centroid,fr::Charles Baudelaire,266,261,5.219999999999977,0.0048123431976342
uncorrected_centroid,en::Stephen Leacock,275,260,5.246956521739107,0.0048371945451482195
uncorrected_centroid,it::Giovanni Pascoli,335,259,5.1799999999999775,0.004775467004548881
uncorrected_centroid,en::Frank R. Stockton,280,259,5.209999999999977,0.00480312414936287
uncorrected_centroid,en::Theodore Roosevelt,268,258,5.662512077294675,0.00522029721775683
uncorrected_centroid,it::Salvatore Farina,335,253,5.06999999999998,0.0046740574735642535
uncorrected_centroid,en::Elizabeth von Arnim,284,253,5.237199676305617,0.004828199662245495
uncorrected_centroid,en::Henry James,338,251,5.04896551724136,0.004654665682372836
uncorrected_centroid,en::George Eliot,270,251,5.084041582150081,0.004687002475929017
uncorrected_centroid,de::Adalbert Stifter,296,250,5.095482128450646,0.004697549570788546
uncorrected_centroid,en::E. M. Forster,263,250,5.428333333333315,0.005004406703286911
uncorrected_centroid,en::Charles Dickens,322,249,5.102225755166911,0.004703766552810654
uncorrected_centroid,es::Miguel de Unamuno,336,248,4.959999999999982,0.004572647942579626
uncorrected_centroid,en::Bram Stoker,280,246,5.0243637819404885,0.004631985223843115
uncorrected_centroid,en::Grover Cleveland,339,244,3.408698752228169,0.0031424958339213572
uncorrected_centroid,es::Concha Espina,318,244,4.879999999999984,0.0044988955564089885
uncorrected_centroid,es::Leopoldo Alas,305,244,4.879999999999984,0.0044988955564089885
uncorrected_centroid,en::Anthony Hope,264,244,4.933448275862053,0.004548169779928166
uncorrected_centroid,fr::Honore de Balzac,257,244,4.918095238095221,0.004534015740299768
uncorrected_centroid,es::Jose Maria de Pereda,330,243,4.859999999999984,0.004480457459866329
uncorrected_centroid,de::E. T. A. Hoffmann,284,243,4.96073211330392,0.004573322881368535
uncorrected_centroid,en::William Morris,330,240,4.8382352941176325,0.004460392472452259
uncorrected_centroid,en::G. K. Chesterton,282,239,4.797037037037024,0.00442241160038018
uncorrected_centroid,en::R. D. Blackmore,290,237,4.851732909379952,0.004472835989117375
uncorrected_centroid,en::H. G. Wells,303,235,4.927037037037021,0.004542259227907466
uncorrected_centroid,de::Theodor Fontane,265,235,4.857444209537222,0.0044781012643015684
uncorrected_centroid,de::Clara Viebig,303,234,5.256440124702766,0.004845937524499029
uncorrected_centroid,it::Annie Vivanti,298,233,4.689999999999988,0.004323733639253724
uncorrected_centroid,en::Herman Melville,288,231,4.634054054054044,0.004272156801627637
uncorrected_centroid,en::Robert Louis Stevenson,258,230,4.660492845786952,0.004296530851349768
uncorrected_centroid,ru::Nikolai Gogol,316,228,4.587619047619038,0.004229348145047253
uncorrected_centroid,en::Alice Brown,251,228,4.680144927536223,0.004314648200377634
uncorrected_centroid,en::Stanley J. Weyman,257,227,4.5869316375198625,0.004228714418358604
uncorrected_centroid,fr::Alexandre Dumas,264,225,4.526666666666658,0.004173155850822005
uncorrected_centroid,en::Louisa May Alcott,308,224,4.524999999999991,0.004171619342776782
uncorrected_centroid,en::Israel Zangwill,245,222,4.617555994729899,0.004256947161098381
uncorrected_centroid,en::Mary Wollstonecraft Shelley,293,221,4.419999999999994,0.0040748193359278215
uncorrected_centroid,en::Anthony Trollope,249,221,4.462762321144668,0.004114242126210508
uncorrected_centroid,en::Margaret Oliphant,240,220,4.454313725490189,0.004106453325094148
uncorrected_centroid,it::Gabriele D'Annunzio,256,219,4.3849999999999945,0.004042552666978168
uncorrected_centroid,en::Booth Tarkington,231,216,4.343333333333329,0.004004139965847627
uncorrected_centroid,en::Mark Twain,260,214,4.333983548766153,0.003995520354322494
uncorrected_centroid,en::William McKinley,306,213,3.5813487819370193,0.003301662729714601
uncorrected_centroid,zh::Feng Menglong,304,213,4.259999999999997,0.003927314563586546
uncorrected_centroid,en::P. G. Wodehouse,260,213,4.325911330049257,0.003988078536921714
uncorrected_centroid,en::Kate Chopin,289,212,5.377735380561452,0.0049577602063834835
uncorrected_centroid,en::Edgar Allan Poe,260,212,4.254054054054052,0.003921832967317107
uncorrected_centroid,en::E. Phillips Oppenheim,240,210,4.3382051879465635,0.003999412303861328
uncorrected_centroid,en::Agatha Christie,235,210,4.300740165631467,0.0039648731189403956
uncorrected_centroid,pl::Eliza Orzeszkowa,308,209,4.257777777777772,0.003925265886192914
uncorrected_centroid,en::George Meredith,276,209,4.244999999999998,0.003913485991179552
uncorrected_centroid,de::Hermann Sudermann,240,208,4.578688601260413,0.004221115123440785
uncorrected_centroid,en::Robert W. Chambers,228,207,4.223939280359819,0.0038940700120803757
uncorrected_centroid,de::Ludwig Ganghofer,223,207,4.272220936078664,0.003938581103549553
uncorrected_centroid,fr::Stendhal,215,205,4.1342857142857135,0.0038114179567469712
uncorrected_centroid,en::Jerome K. Jerome,214,205,4.3787476373101155,0.0040367885836333816
uncorrected_centroid,de::Johann Wolfgang von Goethe,254,202,4.176605048698072,0.0038504323554227797
uncorrected_centroid,fr::Victor Hugo,250,201,4.023809523809526,0.0037095694234637105
uncorrected_centroid,en::E. Nesbit,211,201,4.9223412989397515,0.0045379302042886415
uncorrected_centroid,en::Woodrow Wilson,272,200,4.605371102327617,0.004245713849974622
uncorrected_centroid,en::Charles Reade,235,200,4.046928987811342,0.003730883368927712
uncorrected_centroid,en::Calvin Coolidge,266,199,4.783270385009523,0.0044097200574225665
uncorrected_centroid,en::Marie Corelli,258,199,4.003894523326575,0.0036912096883861215
uncorrected_centroid,en::John Adams,260,198,3.9450505050505082,0.003636961103889514
uncorrected_centroid,en::Sax Rohmer,243,198,4.119992706349528,0.0037982411637363517
uncorrected_centroid,en::Algernon Blackwood,232,198,3.995135135135138,0.0036831343661297045
uncorrected_centroid,fr::Jules Verne,271,196,3.9695238095238126,0.0036595231614193484
uncorrected_centroid,en::Anna Katharine Green,228,195,3.944975604407656,0.0036368920526253126
uncorrected_centroid,en::George Gissing,241,193,3.860000000000003,0.003558552632733354
uncorrected_centroid,de::Gustav Meyrink,233,193,4.120848015034066,0.003799029676941316
uncorrected_centroid,fr::Jules Barbey d'Aurevilly,199,193,3.8638095238095267,0.0035620646511224318
uncorrected_centroid,es::Vicente Blasco Ibanez,218,192,3.840000000000003,0.0035401145361906943
uncorrected_centroid,de::Gustav Freytag,194,192,3.8571021484975003,0.0035558810894448824
uncorrected_centroid,en::Mary E. Wilkins Freeman,215,191,3.8900000000000015,0.0035862097775473424
uncorrected_centroid,en::Harold Frederic,210,191,3.855992544268409,0.0035548581399498756
uncorrected_centroid,de::Hermann Hesse,209,190,4.211854735931342,0.0038829292122380603
uncorrected_centroid,en::Mary Roberts Rinehart,244,189,4.049731205825661,0.0037334667472417914
uncorrected_centroid,de::Wilhelm Raabe,232,185,4.058354203935602,0.003741416330823705
uncorrected_centroid,en::Edgar Rice Burroughs,251,184,3.772208760484625,0.0034776174652441385
uncorrected_centroid,de::Friedrich Schiller,199,183,3.78857314596029,0.003492703871207219
uncorrected_centroid,ru::Ivan Bunin,199,183,3.660000000000003,0.0033741716673067555
uncorrected_centroid,fr::Joris-Karl Huysmans,238,182,3.6438095238095265,0.0033592455891531736
uncorrected_centroid,fr::Marcel Proust,215,182,3.64761904761905,0.0033627576075422514
uncorrected_centroid,de::Heinrich von Kleist,194,181,3.6277002583979354,0.003344394379608661
uncorrected_centroid,de::Karl May,193,181,3.726690880179255,0.0034356543116697558
uncorrected_centroid,de::Gotthold Ephraim Lessing,242,178,3.573341284038961,0.003294280578749124
uncorrected_centroid,de::Friedrich Nietzsche,230,177,3.5607235142118885,0.0032826481958378928
uncorrected_centroid,en::H. Rider Haggard,187,177,3.5843120949003326,0.0033043946222397857
uncorrected_centroid,it::Silvio Pellico,238,176,3.5200000000000027,0.0032451049915081364
uncorrected_centroid,es::Pio Baroja,229,176,3.5200000000000027,0.0032451049915081364
uncorrected_centroid,it::Edmondo De Amicis,221,176,3.5200000000000027,0.0032451049915081364
uncorrected_centroid,en::Frederick Douglass,238,175,3.609126559714798,0.003327271197134963
uncorrected_centroid,it::Matilde Serao,228,175,3.62,0.003337295474221433
uncorrected_centroid,en::Joseph Sheridan Le Fanu,213,174,3.5246740858505587,0.003249414053816198
uncorrected_centroid,en::John Buchan,195,173,3.7699582641111897,0.0034755427217740232
uncorrected_centroid,ja::Shimazaki Toson,223,172,5.234636942005355,0.0048258370651234235
uncorrected_centroid,en::William Dean Howells,205,172,3.522201619778348,0.0032471346754093045
uncorrected_centroid,fr::Emile Zola,248,168,3.3638095238095262,0.0031011122375559355
uncorrected_centroid,ja::Kunikida Doppo,188,167,4.031854987118146,0.0037169865749244486
uncorrected_centroid,fr::Romain Rolland,212,160,3.2000000000000024,0.0029500954468255785
uncorrected_centroid,en::Rudyard Kipling,201,158,3.467046536503061,0.003196286937896895
uncorrected_centroid,es::Jacinto Benavente,212,156,3.1200000000000023,0.002876343060654939
uncorrected_centroid,de::Ludwig Tieck,241,155,3.1555555555555577,0.0029091218989530008
uncorrected_centroid,fr::Octave Mirbeau,231,155,3.1000000000000023,0.002857904964112279
uncorrected_centroid,ja::Okamoto Kido,233,149,5.037950864924533,0.004644511221232762
uncorrected_centroid,en::Franklin D. Roosevelt,205,149,2.8311447811447863,0.002610046040049758
uncorrected_centroid,de::Paul Heyse,156,147,2.9588235294117666,0.0027277536943993855
uncorrected_centroid,fr::Pierre Loti,152,146,2.923809523809526,0.002695474113617418
uncorrected_centroid,ru::Alexander Pushkin,213,141,2.8476190476190495,0.002625233745835857
uncorrected_centroid,en::Samuel Butler,159,141,3.0641861761426994,0.0028248880270201407
uncorrected_centroid,it::Vittorio Alfieri,239,140,2.800000000000002,0.002581333515972381
uncorrected_centroid,fr::Voltaire,219,139,2.7876190476190494,0.002569919456207877
uncorrected_centroid,fr::Gaston Leroux,190,139,2.780000000000002,0.0025628954194297214
uncorrected_centroid,en::Arnold Bennett,139,138,2.8116666666666688,0.0025920890722889328
uncorrected_centroid,de::Theodor Storm,159,135,2.730956072351423,0.002517681585788935
uncorrected_centroid,ru::Leonid Andreyev,157,134,2.928571428571429,0.002699864136603764
uncorrected_centroid,ru::Leo Tolstoy,144,129,2.580000000000002,0.0023785144540031224
uncorrected_centroid,ru::Nikolai Leskov,178,123,2.487619047619049,0.002293348008067979
uncorrected_centroid,en::W. E. B. Du Bois,186,122,2.4101010101010116,0.002221883755090224
uncorrected_centroid,en::Jane Austen,205,121,2.4864705882352958,0.0022922892378183304
uncorrected_centroid,ja::Higuchi Ichiyo,191,121,2.86708536045997,0.0026431798336103824
uncorrected_centroid,en::Owen Wister,133,118,2.4459938533851595,0.0022549735405734076
uncorrected_centroid,en::Arthur Machen,137,112,2.2709215503536004,0.0020935735393113235
uncorrected_centroid,it::Giuseppe Giacosa,145,105,2.1000000000000014,0.0019360001369792856
uncorrected_centroid,ja::Ryunosuke Akutagawa,116,100,2.827076916891158,0.0026062958563582168
uncorrected_centroid,en::Lord Dunsany,113,100,2.1658528428093655,0.0019967101906456686
uncorrected_centroid,pl::Boleslaw Prus,138,99,2.011111111111111,0.0018540530412341294
uncorrected_centroid,de::Franz Kafka,118,99,2.1733333333333342,0.002003606490969038
uncorrected_centroid,ja::Izumi Kyoka,180,97,2.7442105340479945,0.0025299009380080535
uncorrected_centroid,ru::Fyodor Dostoevsky,164,94,1.9904761904761918,0.0018350296082932911
uncorrected_centroid,en::W. W. Jacobs,123,91,1.8559925442684075,0.0017110484856838893
uncorrected_centroid,es::Ruben Dario,156,86,1.720000000000001,0.0015856763026687482
uncorrected_centroid,fr::Prosper Merimee,92,81,1.63904761904762,0.001511045911900839
uncorrected_centroid,es::Miguel de Cervantes,163,75,1.5000000000000009,0.0013828572406994896
uncorrected_centroid,en::Gertrude Atherton,65,65,1.5548023715415027,0.001433379811561936
uncorrected_centroid,it::Italo Svevo,155,64,1.3300000000000005,0.0012261334200868806
uncorrected_centroid,it::Emilio Salgari,151,64,1.2800000000000007,0.0011800381787302311
uncorrected_centroid,zh::Lu Xun,138,64,1.2800000000000007,0.0011800381787302311
uncorrected_centroid,en::Thomas Jefferson,151,57,0.9753297682709446,0.0008991612214154868
uncorrected_centroid,ja::Arishima Takeo,65,55,1.1425000000000007,0.0010532762649994446
uncorrected_centroid,it::Luigi Pirandello,53,42,0.8400000000000004,0.0007744000547917141
uncorrected_centroid,en::Ernest Hemingway,120,21,0.4200000000000001,0.00038720002739585694
uncorrected_centroid,en::Barack Obama,104,4,0.08,7.37523861706394e-05
source_prototype,en::Frances Hodgson Burnett,1015,951,23.295498079616568,0.021391202836187236
source_prototype,en::P. G. Wodehouse,884,807,16.706164794050597,0.015340515944451896
source_prototype,en::Jack London,882,807,16.70815173457202,0.015342340462115005
source_prototype,en::Arthur Conan Doyle,863,805,16.452277925722196,0.015107383109974781
source_prototype,en::Robert Louis Stevenson,844,805,16.294531214275207,0.014962531435639618
source_prototype,en::H. G. Wells,853,765,16.182188224702983,0.014859371946670981
source_prototype,en::George MacDonald,804,741,15.118397444759117,0.01388254096107569
source_prototype,en::Edith Wharton,664,591,11.941465517241216,0.010965307982152697
source_prototype,en::Nathaniel Hawthorne,662,582,11.647027027026867,0.010694938426394329
source_prototype,en::G. K. Chesterton,632,569,11.419380156017933,0.010485900595302132
source_prototype,en::E. Nesbit,585,569,11.611963524540093,0.010662741197072237
source_prototype,en::Henry James,649,556,11.180485312898956,0.01026653425987492
source_prototype,en::Joseph Conrad,568,542,11.175224009616667,0.010261703042902888
source_prototype,en::Rudyard Kipling,603,535,11.058425005272683,0.010154451796999158
source_prototype,de::Arthur Schnitzler,593,519,11.116174488226369,0.01020748053668634
source_prototype,en::Charles Dickens,598,515,10.441882617911894,0.009588308792884482
source_prototype,en::L. M. Montgomery,588,511,10.942056711404408,0.01004759605305542
source_prototype,en::Mark Twain,551,501,10.1143234071174,0.009287525976607314
source_prototype,it::Antonio Fogazzaro,556,494,9.939999999999888,0.009127452671971308
source_prototype,fr::Guy de Maupassant,544,484,9.706666666666548,0.008913193219577608
source_prototype,fr::Paul Bourget,510,478,9.601904761904645,0.008816995098094726
source_prototype,en::Willa Cather,547,476,9.86132023274066,0.009055204598339485
source_prototype,de::Gerhart Hauptmann,505,476,10.184741607381744,0.009352187826723833
source_prototype,ru::Ivan Turgenev,551,463,9.259999999999891,0.008503039410709685
source_prototype,de::Stefan Zweig,496,446,9.574231996913161,0.008791584448923462
source_prototype,en::Elizabeth Cleghorn Gaskell,499,445,8.933693693693591,0.008203407079987698
source_prototype,en::D. H. Lawrence,495,444,9.718711180124139,0.008924253151825202
source_prototype,es::Benito Perez Galdos,477,441,8.8199999999999,0.008099007300481584
source_prototype,en::Thomas Hardy,524,437,8.85090959687078,0.00812739018604986
source_prototype,it::Federico De Roberto,480,432,8.639999999999905,0.007933721437206451
source_prototype,it::Luigi Capuana,462,423,8.46499999999991,0.007773026847911184
source_prototype,en::Stephen Crane,478,417,8.39999999999991,0.007713340286172941
source_prototype,en::Edgar Allan Poe,481,411,12.070103511842557,0.011083430437639725
source_prototype,en::Wilkie Collins,464,407,8.330842744366995,0.007649836304511688
source_prototype,de::Rainer Maria Rilke,409,399,8.541323792486507,0.00784311153640885
source_prototype,en::Washington Irving,483,397,7.993547237076567,0.007340113087282113
source_prototype,fr::Alphonse Daudet,442,395,7.907619047618967,0.007261209115203397
source_prototype,en::Agatha Christie,432,394,8.032223714397546,0.007375627948073442
source_prototype,ja::Natsume Soseki,449,380,10.089405687191997,0.0092646451607811
source_prototype,en::Sinclair Lewis,412,363,7.522556351694216,0.0069076234479202095
source_prototype,ja::Mori Ogai,389,361,9.125391713549524,0.008379434706098931
source_prototype,fr::Jean Lorrain,429,358,7.1638095238094595,0.006578202452674939
source_prototype,ru::Ivan Goncharov,424,352,7.039999999999938,0.006464513763649715
source_prototype,it::Alessandro Manzoni,422,352,7.039999999999938,0.006464513763649715
source_prototype,de::Heinrich Heine,385,351,7.85078320827975,0.007209019333147011
source_prototype,en::Anthony Trollope,398,350,7.053840752517162,0.006477223101028531
source_prototype,ru::Alexander Kuprin,427,347,7.105714285714227,0.0065248562216708
source_prototype,en::Theodore Roosevelt,358,347,7.100963255745828,0.006520493565616506
source_prototype,de::Wilhelm Hauff,428,343,6.932357501139938,0.006365670522821005
source_prototype,de::Thomas Mann,353,340,7.301212121212072,0.006704373046719033
source_prototype,fr::Anatole France,393,337,6.785714285714229,0.0062310146869594485
source_prototype,fr::Denis Diderot,383,334,6.782857142857083,0.006228391101828094
source_prototype,ru::Maxim Gorky,409,332,6.860952380952329,0.006300102428751706
source_prototype,en::Louisa May Alcott,416,329,6.706673669467732,0.0061584352620144426
source_prototype,fr::Emile Gaboriau,383,329,6.60285714285709,0.006063105238552964
source_prototype,fr::Gustave Flaubert,368,322,6.504761904761854,0.005973028815709902
source_prototype,es::Emilia Pardo Bazan,396,318,6.359999999999952,0.0058401005023881025
source_prototype,de::Ludwig Ganghofer,333,315,6.581863972780485,0.006043828159447445
source_prototype,es::Eduardo Zamacois,392,309,6.179999999999956,0.00567481463911297
source_prototype,fr::Andre Gide,359,308,6.213333333333288,0.005705423132312068
source_prototype,de::E. T. A. Hoffmann,350,302,6.2128847668519,0.005705011233989221
source_prototype,en::James Baldwin,376,299,6.037285067873263,0.005543765968230676
source_prototype,it::Salvatore Farina,381,297,5.949999999999961,0.005463616036039189
source_prototype,fr::Marcel Schwob,339,297,5.989523809523769,0.005499908963689549
source_prototype,fr::George Sand,342,294,5.879999999999963,0.005399338200321082
source_prototype,en::Virginia Woolf,332,293,6.274861319340286,0.005761921500549552
source_prototype,en::Gene Stratton-Porter,293,292,10.084138542616774,0.00925980858001382
source_prototype,zh::Li Boyuan,391,291,5.819999999999964,0.005344242912562705
source_prototype,de::Theodor Fontane,325,291,6.070093962884625,0.005573892893425433
source_prototype,de::Marie von Ebner-Eschenbach,293,290,6.648430267103291,0.006104952978459511
source_prototype,en::Abraham Lincoln,335,288,6.1325490196078105,0.0056312425487942625
source_prototype,it::Alfredo Panzini,332,287,5.749999999999965,0.005279965076844598
source_prototype,pl::Maria Konopnicka,377,286,5.719999999999966,0.005252417432965409
source_prototype,de::Adalbert Stifter,334,284,5.819783694038108,0.0053440442885758326
source_prototype,fr::Charles Baudelaire,290,283,5.659999999999967,0.005197322145207031
source_prototype,en::Herman Melville,338,280,5.62108108108105,0.005161584661255651
source_prototype,es::Juan Valera,349,275,5.499999999999971,0.005050401377851357
source_prototype,it::Gabriele D'Annunzio,315,270,5.404999999999973,0.004963167172233927
source_prototype,zh::Wu Jianren,367,267,5.339999999999974,0.004903480610495684
source_prototype,pl::Stefan Zeromski,362,266,5.415555555555545,0.00497285986174699
source_prototype,it::Giovanni Pascoli,344,265,5.299999999999975,0.004866750418656766
source_prototype,fr::Honore de Balzac,279,265,5.345714285714259,0.004908727780758387
source_prototype,ru::Anton Chekhov,331,262,5.737142857142823,0.0052681589437535165
source_prototype,fr::Villiers de l'Isle-Adam,337,261,5.315238095238069,0.004880742872690639
source_prototype,fr::Alexandre Dumas,304,260,5.234285714285691,0.004806407960635686
source_prototype,en::F. Scott Fitzgerald,326,257,5.471904761904734,0.005024602790726404
source_prototype,es::Concha Espina,331,256,5.119999999999979,0.004701464555381633
source_prototype,en::Katherine Mansfield,329,256,5.555885093167682,0.0051017181326760055
source_prototype,de::Ricarda Huch,253,252,5.157785728483386,0.004736161481780855
source_prototype,es::Leopoldo Alas,311,250,4.999999999999981,0.0045912739798648775
source_prototype,it::Annie Vivanti,319,249,5.049999999999979,0.004637186719663525
source_prototype,es::Miguel de Unamuno,336,248,4.959999999999982,0.00455454378802596
source_prototype,de::Hermann Hesse,275,248,5.50298595765078,0.005053143247784785
source_prototype,en::Benjamin Harrison,336,245,4.213739354327599,0.0038692863710914015
source_prototype,en::William Morris,337,242,4.917058823529395,0.00451511284678712
source_prototype,es::Jose Maria de Pereda,326,241,4.819999999999985,0.004425988116589745
source_prototype,fr::Octave Feuillet,295,241,4.911428571428552,0.004509942840792985
source_prototype,fr::Stendhal,252,240,4.838095238095223,0.00444260415575497
source_prototype,en::George Eliot,268,237,4.852276876267732,0.00445562651302163
source_prototype,en::E. M. Forster,256,234,4.986666666666655,0.004579030582585244
source_prototype,de::Wilhelm Raabe,280,231,5.028276684555741,0.00461723918107242
source_prototype,ru::Nikolai Gogol,316,228,4.587619047619038,0.0042126031925731715
source_prototype,de::Johann Wolfgang von Goethe,273,219,4.518827270920288,0.004149434813696042
source_prototype,it::Edmondo De Amicis,266,216,4.319999999999996,0.0039668607186032654
source_prototype,en::Grover Cleveland,309,215,2.981319073083786,0.002737610537184903
source_prototype,en::Mary Wollstonecraft Shelley,290,215,4.299999999999996,0.003948495622683806
source_prototype,fr::Joris-Karl Huysmans,274,214,4.287619047619044,0.003937126753781284
source_prototype,zh::Feng Menglong,304,213,4.259999999999997,0.003911765430844888
source_prototype,it::Matilde Serao,264,211,4.339999999999993,0.003985225814522722
source_prototype,pl::Eliza Orzeszkowa,308,209,4.257777777777772,0.003909724864631612
source_prototype,en::Lord Dunsany,255,207,4.298352842809361,0.003946983112693784
source_prototype,fr::Jules Verne,282,205,4.157142857142857,0.003817316366116241
source_prototype,de::Gustav Freytag,207,205,4.119324370719721,0.003782589359581758
source_prototype,en::Bram Stoker,235,204,4.153025160710582,0.0038135352716189438
source_prototype,en::William McKinley,295,203,3.372323232323235,0.0030966519816519092
source_prototype,de::Karl May,214,200,4.11831499250104,0.003781662493191503
source_prototype,fr::Marcel Proust,232,197,3.955238095238098,0.0036319163501674135
source_prototype,de::Friedrich Schiller,213,196,4.051828959913778,0.0037206113749030344
source_prototype,en::James Joyce,278,195,4.052101449275364,0.0037208615895661617
source_prototype,es::Vicente Blasco Ibanez,221,194,3.880000000000003,0.003562828608375161
source_prototype,de::Jakob Wassermann,210,192,4.551384241233757,0.004179330407828735
source_prototype,fr::Emile Zola,268,186,3.7238095238095266,0.003419405954527953
source_prototype,it::Silvio Pellico,248,186,3.720000000000003,0.0034159078410194847
source_prototype,de::Friedrich Nietzsche,240,186,3.750135278917771,0.0034435797054137083
source_prototype,de::Gotthold Ephraim Lessing,247,183,3.673341284038961,0.003373063251314317
source_prototype,ru::Ivan Bunin,199,183,3.660000000000003,0.0033608125532611057
source_prototype,en::R. Austin Freeman,214,182,3.918341099720412,0.003598035507076305
source_prototype,fr::Romain Rolland,235,181,3.6200000000000028,0.0033240823614221864
source_prototype,de::Heinrich von Kleist,194,181,3.6277002583979354,0.0033311531606263194
source_prototype,es::Pio Baroja,230,177,3.5400000000000027,0.003250621977744348
source_prototype,fr::Edmond About,199,177,3.5514285714285743,0.003261116318269754
source_prototype,fr::Pierre Loti,181,173,3.4714285714285738,0.003187655934591915
source_prototype,ja::Shimazaki Toson,223,172,5.234636942005355,0.004806730477173745
source_prototype,fr::Octave Mirbeau,244,168,3.3600000000000025,0.0030853361144692116
source_prototype,ja::Kunikida Doppo,188,167,4.031854987118146,0.0037022701785888114
source_prototype,de::Theodor Storm,188,164,3.338656330749356,0.003065737187816145
source_prototype,de::Ludwig Tieck,246,160,3.262727272727275,0.002996014966133658
source_prototype,es::Jacinto Benavente,216,159,3.1800000000000024,0.0029200502511940755
source_prototype,it::Sibilla Aleramo,189,156,3.2000000000000006,0.0029384153471135334
source_prototype,en::Calvin Coolidge,220,153,3.7099370516761874,0.003406667490459513
source_prototype,fr::Gaston Leroux,209,153,3.0600000000000023,0.002809859675677318
source_prototype,de::Paul Heyse,161,153,3.0781456148350834,0.0028265219735255096
source_prototype,fr::Voltaire,233,152,3.0476190476190497,0.0027984908067747952
source_prototype,ja::Okamoto Kido,233,149,5.037950864924533,0.00462612254359317
source_prototype,en::Woodrow Wilson,215,145,3.5182125603864725,0.0032306155568272523
source_prototype,en::Hamlin Garland,171,145,2.900000000000002,0.002662938908321641
source_prototype,it::Vittorio Alfieri,242,143,2.860000000000002,0.0026262087164827218
source_prototype,en::Frederick Douglass,201,142,2.9402020202020225,0.002699854606179949
source_prototype,ru::Alexander Pushkin,213,141,2.8476190476190495,0.002614839847580199
source_prototype,en::Frank Norris,152,138,2.760000000000002,0.002534383236885424
source_prototype,ru::Leonid Andreyev,157,134,2.928571428571429,0.002689174759635153
source_prototype,en::Mary E. Wilkins Freeman,152,132,2.6900000000000017,0.0024701054011673153
source_prototype,ru::Leo Tolstoy,144,129,2.580000000000002,0.0023690973736102874
source_prototype,en::Franklin D. Roosevelt,180,127,2.360606060606064,0.002167637836554399
source_prototype,de::Clara Viebig,180,123,2.6265515621329594,0.0024118435687989098
source_prototype,ru::Nikolai Leskov,178,123,2.487619047619049,0.0022842681210299264
source_prototype,ja::Higuchi Ichiyo,191,121,2.86708536045997,0.0026327148827062848
source_prototype,en::W. E. B. Du Bois,184,119,2.365050505050507,0.002171718968980944
source_prototype,en::E. Phillips Oppenheim,145,119,2.4234482758620706,0.0022253430021027935
source_prototype,fr::Jules Barbey d'Aurevilly,118,116,2.3200000000000016,0.0021303511266573126
source_prototype,de::Franz Kafka,132,113,2.455555555555557,0.002254825665666983
source_prototype,it::Giuseppe Giacosa,151,111,2.2200000000000015,0.0020385256470600147
source_prototype,en::John Adams,167,106,2.1200000000000014,0.0019467001674627169
source_prototype,en::Charles Reade,136,103,2.083105458399577,0.0019128215776929027
source_prototype,en::Edgar Rice Burroughs,159,102,2.0821621621621635,0.0019119553913988744
source_prototype,ja::Ryunosuke Akutagawa,116,100,2.827076916891158,0.002595976937519809
source_prototype,en::Booth Tarkington,113,100,2.0008333333333344,0.0018372748042759365
source_prototype,pl::Boleslaw Prus,138,99,2.011111111111111,0.0018467124230123243
source_prototype,ja::Izumi Kyoka,180,97,2.7442105340479945,0.002519884484049141
source_prototype,en::Alice Brown,111,97,1.9934782608695667,0.001830520973711353
source_prototype,ru::Fyodor Dostoevsky,164,94,1.9904761904761918,0.001827764308174788
source_prototype,de::Gustav Meyrink,122,91,1.8999694620624858,0.0017446560707410786
source_prototype,fr::Prosper Merimee,102,91,1.8390476190476197,0.001688714296213165
source_prototype,fr::Victor Hugo,126,90,1.8000000000000012,0.0016528586327513633
source_prototype,en::Jane Austen,167,85,1.7188235294117657,0.0015783179493135567
source_prototype,es::Ruben Dario,153,83,1.660000000000001,0.0015243029613151461
source_prototype,en::O. Henry,102,83,1.8303553642759052,0.001680732591581219
source_prototype,it::Italo Svevo,175,82,1.6949999999999998,0.0015564418791741994
source_prototype,es::Miguel de Cervantes,162,74,1.4800000000000009,0.0013590170980400098
source_prototype,it::Emilio Salgari,162,73,1.4600000000000009,0.0013406520021205502
source_prototype,en::Marie Corelli,116,73,1.4600000000000009,0.0013406520021205502
source_prototype,en::Thomas Jefferson,168,72,1.358775995246583,0.0012477025742881325
source_prototype,en::Ambrose Bierce,80,72,1.4400000000000008,0.0013222869062010905
source_prototype,en::Harold Frederic,72,66,1.3200000000000007,0.001212096330684333
source_prototype,zh::Lu Xun,138,64,1.2800000000000007,0.0011753661388454139
source_prototype,en::Robert W. Chambers,76,64,1.2800000000000007,0.0011753661388454139
source_prototype,en::Algernon Blackwood,75,55,1.1000000000000005,0.0010100802755702773
source_prototype,ja::Arishima Takeo,65,55,1.1425000000000007,0.0010491061043991293
source_prototype,en::Stephen Leacock,57,55,1.123478260869566,0.0010316393012148606
source_prototype,en::Anna Katharine Green,85,53,1.0740540540540546,0.0009862552862693569
source_prototype,de::Hermann Sudermann,66,52,1.0600000000000005,0.0009733500837313582
source_prototype,it::Luigi Pirandello,62,51,1.0200000000000005,0.000936619891892439
source_prototype,en::R. D. Blackmore,70,50,1.0244117647058828,0.0009406710159923198
source_prototype,en::Elizabeth von Arnim,59,45,0.9234782608695657,0.0008479883420202646
source_prototype,en::George Gissing,77,44,0.8800000000000004,0.0008080642204562219
source_prototype,en::George Meredith,62,36,0.7250000000000003,0.0006657347270804101
source_prototype,en::Sax Rohmer,55,36,0.791985088536813,0.0007272441058880129
source_prototype,en::W. W. Jacobs,60,35,0.7293701460080775,0.0006697476346114291
source_prototype,en::Israel Zangwill,42,35,0.7000000000000003,0.0006427783571810856
source_prototype,en::Mary Roberts Rinehart,45,32,0.7039392803598203,0.0006463956202641725
source_prototype,en::Jerome K. Jerome,32,31,0.7204347826086959,0.0006615426943161855
source_prototype,en::John Buchan,41,30,0.6539835487661577,0.000600523530141953
source_prototype,en::Stanley J. Weyman,36,30,0.6000000000000002,0.0005509528775837876
source_prototype,en::Frank R. Stockton,32,29,0.5850000000000002,0.0005371790556441929
source_prototype,en::Richard Harding Davis,38,28,0.5600000000000002,0.0005142226857448684
source_prototype,en::Anthony Hope,26,26,0.5208333333333335,0.0004782577062359267
source_prototype,en::H. Rider Haggard,28,25,0.5094117647058825,0.00046776979606623527
source_prototype,en::Arthur Machen,35,23,0.4694117647058825,0.00043103960422731616
source_prototype,en::Kate Chopin,81,21,0.4200000000000001,0.0003856670143086513
source_prototype,en::Joseph Sheridan Le Fanu,26,13,0.25999999999999995,0.0002387462469529745
source_prototype,en::Ernest Hemingway,110,12,0.23999999999999996,0.00022038115103351492
source_prototype,en::Gertrude Atherton,11,11,0.21999999999999997,0.00020201605511405537
source_prototype,en::Samuel Butler,11,10,0.19999999999999998,0.00018365095919459579
source_prototype,en::William Dean Howells,19,6,0.12000000000000001,0.00011019057551675749
source_prototype,en::Margaret Oliphant,6,6,0.12000000000000001,0.00011019057551675749
source_prototype,en::Barack Obama,104,4,0.08,7.346038367783833e-05
source_prototype,en::Owen Wister,3,3,0.06702702702702704,6.154788902737807e-05
source_prototype,en::Arnold Bennett,0,0,0.0,0.0
source_prototype,en::Sarah Orne Jewett,0,0,0.0,0.0
centroid_prototype_rrf,en::Frances Hodgson Burnett,738,681,17.46863749774327,0.016096558790274277
centroid_prototype_rrf,en::Jack London,708,641,13.203866020286371,0.012166764905500015
centroid_prototype_rrf,en::L. M. Montgomery,702,631,17.07962790832339,0.015738104060940835
centroid_prototype_rrf,en::Willa Cather,605,537,11.823251743259107,0.010894591338458376
centroid_prototype_rrf,en::George MacDonald,586,526,10.770162150641546,0.009924216943707532
centroid_prototype_rrf,en::Nathaniel Hawthorne,601,524,10.487027027026892,0.009663320742533076
centroid_prototype_rrf,en::Arthur Conan Doyle,564,517,10.470344827586073,0.00964794885081657
centroid_prototype_rrf,it::Luigi Capuana,549,503,10.064999999999875,0.009274441938876945
centroid_prototype_rrf,de::Arthur Schnitzler,562,491,10.530533462585355,0.009703409953715835
centroid_prototype_rrf,en::D. H. Lawrence,536,484,10.482044513457454,0.00965872958179692
centroid_prototype_rrf,it::Antonio Fogazzaro,528,469,9.444999999999899,0.008703140001261092
centroid_prototype_rrf,fr::Guy de Maupassant,527,467,9.362857142857031,0.008627449076346537
centroid_prototype_rrf,en::Robert Louis Stevenson,502,464,9.366343402225644,0.008630661506559955
centroid_prototype_rrf,ru::Ivan Turgenev,551,463,9.259999999999891,0.008532670874714413
centroid_prototype_rrf,en::Edith Wharton,526,460,9.215316091953916,0.008491496675929066
centroid_prototype_rrf,fr::Paul Bourget,487,455,9.138095238095133,0.008420341154261525
centroid_prototype_rrf,en::Stephen Crane,504,444,8.946744663382495,0.008244020260556296
centroid_prototype_rrf,es::Benito Perez Galdos,478,442,8.8399999999999,0.00814565988471657
centroid_prototype_rrf,en::Elizabeth Cleghorn Gaskell,485,433,8.698693693693597,0.008015452519248614
centroid_prototype_rrf,en::Washington Irving,506,421,8.464622697563783,0.007799766690815322
centroid_prototype_rrf,it::Federico De Roberto,465,420,8.39999999999991,0.007740219799956927
centroid_prototype_rrf,en::Joseph Conrad,436,417,8.788621056267138,0.00809831651357595
centroid_prototype_rrf,en::Thomas Hardy,495,416,8.392948577380535,0.007733722233174028
centroid_prototype_rrf,en::P. G. Wodehouse,480,414,8.530582397025336,0.00786054556840717
centroid_prototype_rrf,en::Sinclair Lewis,460,408,8.577913494551343,0.007904159032481515
centroid_prototype_rrf,de::Gerhart Hauptmann,432,406,8.678235644883996,0.007996601353240927
centroid_prototype_rrf,de::Stefan Zweig,448,401,8.499179206566271,0.007831608949767518
centroid_prototype_rrf,en::Katherine Mansfield,470,395,9.619734794191235,0.0088641502052779
centroid_prototype_rrf,en::H. G. Wells,468,389,8.124589371980592,0.007486441371848151
centroid_prototype_rrf,fr::Alphonse Daudet,434,388,7.763809523809447,0.007153999071343414
centroid_prototype_rrf,de::Rainer Maria Rilke,394,384,8.224400715563437,0.007578413007307704
centroid_prototype_rrf,ja::Natsume Soseki,449,380,10.089405687191997,0.00929693067497647
centroid_prototype_rrf,fr::Jean Lorrain,448,379,7.587619047618974,0.006991647522251348
centroid_prototype_rrf,de::Wilhelm Hauff,464,377,7.629632513709054,0.0070303610296436414
centroid_prototype_rrf,en::Henry James,458,368,7.38896551724131,0.006808597285446521
centroid_prototype_rrf,de::Marie von Ebner-Eschenbach,372,365,8.278507786483114,0.0076282702241708186
centroid_prototype_rrf,ja::Mori Ogai,389,361,9.125391713549524,0.00840863543137853
centroid_prototype_rrf,en::James Baldwin,435,360,7.3349321266967635,0.006758807961714175
centroid_prototype_rrf,en::Virginia Woolf,398,360,7.518566966516672,0.00692801915494465
centroid_prototype_rrf,ru::Ivan Goncharov,424,352,7.039999999999938,0.006487041356154389
centroid_prototype_rrf,en::Charles Dickens,429,351,7.161049284578631,0.006598582792971845
centroid_prototype_rrf,ru::Alexander Kuprin,427,347,7.105714285714227,0.006547594096086028
centroid_prototype_rrf,en::Wilkie Collins,402,345,7.076788690312968,0.006520940469151461
centroid_prototype_rrf,de::Heinrich Heine,373,340,7.567527394326265,0.0069731339731287185
centroid_prototype_rrf,en::G. K. Chesterton,385,338,6.7770370370369815,0.006244732887989956
centroid_prototype_rrf,it::Alessandro Manzoni,406,337,6.739999999999944,0.006210604934727359
centroid_prototype_rrf,en::F. Scott Fitzgerald,411,333,7.022738095238038,0.006471135292223076
centroid_prototype_rrf,ru::Maxim Gorky,409,332,6.860952380952329,0.006322057079239215
centroid_prototype_rrf,fr::Octave Feuillet,390,331,6.722857142857085,0.006194808567788669
centroid_prototype_rrf,it::Alfredo Panzini,377,329,6.5849999999999485,0.006067779450323394
centroid_prototype_rrf,fr::Anatole France,381,324,6.525714285714234,0.006013150347993766
centroid_prototype_rrf,fr::Denis Diderot,371,324,6.575238095238041,0.00605878429692775
centroid_prototype_rrf,es::Eduardo Zamacois,405,323,6.45999999999995,0.005952597608062131
centroid_prototype_rrf,en::Mark Twain,373,323,6.527428364819618,0.006014729794306882
centroid_prototype_rrf,en::Abraham Lincoln,370,322,6.764405177090554,0.006233093200791429
centroid_prototype_rrf,fr::Emile Gaboriau,374,321,6.442857142857093,0.005936801241123443
centroid_prototype_rrf,de::Thomas Mann,328,320,6.83181818181814,0.006295211233406556
centroid_prototype_rrf,en::Rudyard Kipling,377,319,6.7729364397842104,0.0062409543732223904
centroid_prototype_rrf,es::Emilia Pardo Bazan,396,318,6.359999999999952,0.00586045213425312
centroid_prototype_rrf,fr::Gustave Flaubert,360,315,6.364761904761857,0.005864840013958312
centroid_prototype_rrf,fr::Marcel Schwob,357,314,6.3409523809523325,0.005842900615432356
centroid_prototype_rrf,en::Theodore Roosevelt,325,314,6.485710730493312,0.005976288882494997
centroid_prototype_rrf,en::E. Nesbit,310,297,6.395247197389099,0.0058929308312917475
centroid_prototype_rrf,zh::Li Boyuan,391,291,5.819999999999964,0.005362866575684466
centroid_prototype_rrf,en::James Joyce,377,289,6.035196687370561,0.005561160582883401
centroid_prototype_rrf,fr::Andre Gide,338,288,5.813333333333296,0.005356723544097198
centroid_prototype_rrf,pl::Maria Konopnicka,377,286,5.719999999999966,0.005270721101875456
centroid_prototype_rrf,en::Agatha Christie,317,284,5.801718426501001,0.005346020933164104
centroid_prototype_rrf,de::Ricarda Huch,286,284,5.797622739018058,0.00534224694252721
centroid_prototype_rrf,fr::George Sand,328,283,5.659999999999967,0.00521543381759005
centroid_prototype_rrf,en::Louisa May Alcott,364,281,5.689411764705848,0.005242535427533875
centroid_prototype_rrf,de::E. T. A. Hoffmann,326,281,5.805715334976594,0.005349703903416652
centroid_prototype_rrf,en::Bram Stoker,316,278,5.6737755466463575,0.005228127360317148
centroid_prototype_rrf,en::George Eliot,309,278,5.652865111561834,0.005208859340832987
centroid_prototype_rrf,fr::Charles Baudelaire,282,277,5.53999999999997,0.005104859249019238
centroid_prototype_rrf,it::Salvatore Farina,356,275,5.5099999999999705,0.005077215606876535
centroid_prototype_rrf,en::E. M. Forster,294,275,5.927499999999971,0.0054619229600291605
centroid_prototype_rrf,es::Juan Valera,348,274,5.479999999999971,0.005049571964733832
centroid_prototype_rrf,en::R. Austin Freeman,316,274,5.815414725069861,0.005358641452374677
centroid_prototype_rrf,en::Hamlin Garland,309,274,5.49846153846151,0.0050665834368216495
centroid_prototype_rrf,en::Anthony Trollope,309,272,5.507073915347544,0.005074519352309503
centroid_prototype_rrf,en::Herman Melville,328,270,5.414054054054027,0.004988805760384107
centroid_prototype_rrf,de::Theodor Fontane,302,270,5.624110876203874,0.005182363614422237
centroid_prototype_rrf,de::Adalbert Stifter,318,269,5.490371929332231,0.005059129228160179
centroid_prototype_rrf,zh::Wu Jianren,367,267,5.339999999999974,0.0049205683014012175
centroid_prototype_rrf,pl::Stefan Zeromski,362,266,5.415555555555545,0.00499018932605693
centroid_prototype_rrf,de::Ludwig Ganghofer,283,265,5.497228477556775,0.005065447227008629
centroid_prototype_rrf,en::Frank Norris,290,263,5.281666666666642,0.004866816775012629
centroid_prototype_rrf,ru::Anton Chekhov,331,262,5.737142857142823,0.005286517468814144
centroid_prototype_rrf,en::William Morris,355,260,5.237647058823506,0.004826254698796702
centroid_prototype_rrf,it::Giovanni Pascoli,337,260,5.199999999999977,0.004791564638068604
centroid_prototype_rrf,fr::Villiers de l'Isle-Adam,336,260,5.302857142857117,0.0048863428397007275
centroid_prototype_rrf,en::Benjamin Harrison,345,254,4.432562883739361,0.004084406071104041
centroid_prototype_rrf,fr::Honore de Balzac,268,254,5.12190476190474,0.004719603410903471
centroid_prototype_rrf,de::Jakob Wassermann,282,253,5.800625246466531,0.005345013617241756
centroid_prototype_rrf,es::Leopoldo Alas,311,250,4.999999999999981,0.004607273690450584
centroid_prototype_rrf,it::Gabriele D'Annunzio,293,249,4.984999999999982,0.004593451869379232
centroid_prototype_rrf,es::Miguel de Unamuno,336,248,4.959999999999982,0.00457041550092698
centroid_prototype_rrf,es::Concha Espina,318,245,4.8999999999999835,0.004515128216641574
centroid_prototype_rrf,fr::Alexandre Dumas,287,245,4.92666666666665,0.0045397003429906435
centroid_prototype_rrf,en::Edgar Allan Poe,296,241,4.864054054054039,0.0044820056544345515
centroid_prototype_rrf,en::Mary Wollstonecraft Shelley,313,239,4.779999999999986,0.004404553648070761
centroid_prototype_rrf,es::Jose Maria de Pereda,325,238,4.7599999999999865,0.004386124553308959
centroid_prototype_rrf,it::Annie Vivanti,306,237,4.769999999999986,0.004395339100689861
centroid_prototype_rrf,de::Hermann Hesse,259,233,5.202985957650786,0.004794316062893678
centroid_prototype_rrf,fr::Stendhal,242,230,4.634285714285703,0.004270284529091918
centroid_prototype_rrf,en::Grover Cleveland,323,228,3.1217231134878247,0.002876526553928798
centroid_prototype_rrf,ru::Nikolai Gogol,316,228,4.587619047619038,0.004227283307981047
centroid_prototype_rrf,de::Wilhelm Raabe,268,219,4.788276684555746,0.004412180238270344
centroid_prototype_rrf,zh::Feng Menglong,304,213,4.259999999999997,0.003925397184263909
centroid_prototype_rrf,de::Johann Wolfgang von Goethe,266,213,4.396605048698067,0.004051272553633778
centroid_prototype_rrf,it::Sibilla Aleramo,250,212,4.359999999999992,0.004017542658072917
centroid_prototype_rrf,pl::Eliza Orzeszkowa,308,209,4.257777777777772,0.003923349507068151
centroid_prototype_rrf,fr::Edmond About,235,209,4.199047619047618,0.0038692323240374655
centroid_prototype_rrf,en::William McKinley,301,208,3.51124777183601,0.0032354558959666684
centroid_prototype_rrf,fr::Joris-Karl Huysmans,264,205,4.107619047619048,0.0037849850336977987
centroid_prototype_rrf,fr::Jules Verne,280,204,4.137142857142857,0.003812189887869983
centroid_prototype_rrf,de::Gustav Freytag,200,198,3.9793243707197226,0.003666767295797174
centroid_prototype_rrf,de::Karl May,211,197,4.0526739668600165,0.0037343556286976447
centroid_prototype_rrf,en::Kate Chopin,267,196,6.091989459815538,0.0056134925521421
centroid_prototype_rrf,it::Edmondo De Amicis,242,196,3.920000000000003,0.003612102573313274
centroid_prototype_rrf,fr::Marcel Proust,228,195,3.915238095238098,0.0036077146936080826
centroid_prototype_rrf,es::Vicente Blasco Ibanez,218,192,3.840000000000003,0.0035383861942660643
centroid_prototype_rrf,de::Friedrich Schiller,208,191,3.9518289599137786,0.003641431519234303
centroid_prototype_rrf,it::Matilde Serao,243,190,3.9200000000000004,0.0036121025733132713
centroid_prototype_rrf,en::Calvin Coolidge,253,186,4.489196310935448,0.004136591210928157
centroid_prototype_rrf,en::E. Phillips Oppenheim,217,186,3.8073011804908385,0.0035082557120993912
centroid_prototype_rrf,en::Woodrow Wilson,257,185,4.335270092226609,0.003994755167382601
centroid_prototype_rrf,ru::Ivan Bunin,199,183,3.660000000000003,0.0033725243414098427
centroid_prototype_rrf,de::Heinrich von Kleist,196,183,3.673341284038961,0.0033848177307997467
centroid_prototype_rrf,de::Gotthold Ephraim Lessing,246,182,3.653341284038961,0.003366388636037944
centroid_prototype_rrf,en::O. Henry,208,182,3.8250290239495666,0.003524591117450556
centroid_prototype_rrf,fr::Emile Zola,261,181,3.6238095238095265,0.0033391764556503904
centroid_prototype_rrf,de::Friedrich Nietzsche,234,180,3.6301352789177708,0.00334500535266688
centroid_prototype_rrf,en::Mary E. Wilkins Freeman,206,180,3.6700000000000013,0.0033817388887907424
centroid_prototype_rrf,it::Silvio Pellico,240,178,3.5600000000000027,0.00328037886760083
centroid_prototype_rrf,es::Pio Baroja,231,178,3.5600000000000027,0.00328037886760083
centroid_prototype_rrf,en::Stephen Leacock,185,178,3.5834782608695677,0.003302013022321207
centroid_prototype_rrf,de::Clara Viebig,241,177,3.9574864290596206,0.003646644620984338
centroid_prototype_rrf,en::Lord Dunsany,200,176,3.6775195094760336,0.003388667776425546
centroid_prototype_rrf,en::Alice Brown,194,175,3.6119565217391325,0.003328254450732034
centroid_prototype_rrf,en::Charles Reade,211,174,3.531928987811343,0.0032545127004166043
centroid_prototype_rrf,ja::Shimazaki Toson,223,172,5.234636942005355,0.004823481012392412
centroid_prototype_rrf,fr::Romain Rolland,224,170,3.4000000000000026,0.003132946109506411
centroid_prototype_rrf,en::Ambrose Bierce,184,168,3.3670270270270297,0.0031025630073315477
centroid_prototype_rrf,ja::Kunikida Doppo,188,167,4.031854987118146,0.0037151718811722963
centroid_prototype_rrf,en::Booth Tarkington,181,166,3.320833333333336,0.00305999760940761
centroid_prototype_rrf,fr::Octave Mirbeau,238,162,3.2400000000000024,0.0029855133514119915
centroid_prototype_rrf,en::John Adams,222,160,3.1850505050505076,0.0029348798789351205
centroid_prototype_rrf,de::Ludwig Tieck,245,159,3.2405050505050528,0.002985978732592845
centroid_prototype_rrf,en::Frederick Douglass,219,159,3.280202020202023,0.003022557693407938
centroid_prototype_rrf,en::Edgar Rice Burroughs,223,158,3.237726001863935,0.0029834179650551043
centroid_prototype_rrf,es::Jacinto Benavente,215,158,3.1600000000000024,0.002911796972364782
centroid_prototype_rrf,de::Paul Heyse,166,158,3.174889800881595,0.002925517249936344
centroid_prototype_rrf,fr::Pierre Loti,164,157,3.1476190476190498,0.0029003884851312852
centroid_prototype_rrf,de::Theodor Storm,179,155,3.156434108527134,0.002908511164771592
centroid_prototype_rrf,fr::Jules Barbey d'Aurevilly,159,154,3.0800000000000023,0.0028380805933175724
centroid_prototype_rrf,en::Marie Corelli,205,151,3.043894523326574,0.0028048110307658395
centroid_prototype_rrf,en::Harold Frederic,162,150,3.0070270270270294,0.002770839301619104
centroid_prototype_rrf,ja::Okamoto Kido,233,149,5.037950864924533,0.00464224369474993
centroid_prototype_rrf,fr::Voltaire,230,149,2.9876190476190496,0.0027529557270368657
centroid_prototype_rrf,fr::Gaston Leroux,202,149,2.980000000000002,0.0027459351195085603
centroid_prototype_rrf,en::Robert W. Chambers,163,144,2.8808333333333356,0.0026545575246479567
centroid_prototype_rrf,it::Vittorio Alfieri,240,141,2.820000000000002,0.0025985023614141407
centroid_prototype_rrf,ru::Alexander Pushkin,213,141,2.8476190476190495,0.0026239520637042486
centroid_prototype_rrf,en::W. E. B. Du Bois,202,139,2.750101010101012,0.002534093605984003
centroid_prototype_rrf,en::R. D. Blackmore,173,138,2.817647058823531,0.002596334232618634
centroid_prototype_rrf,en::Franklin D. Roosevelt,191,136,2.585370370370374,0.00238230177749559
centroid_prototype_rrf,ru::Leonid Andreyev,157,134,2.928571428571429,0.002698546018692495
centroid_prototype_rrf,ru::Leo Tolstoy,144,129,2.580000000000002,0.0023773532242725116
centroid_prototype_rrf,en::Jerome K. Jerome,130,126,2.6748345938318616,0.002464739010093731
centroid_prototype_rrf,en::Richard Harding Davis,153,125,2.540128205128207,0.002340613169971739
centroid_prototype_rrf,ru::Nikolai Leskov,178,123,2.487619047619049,0.0022922283579918054
centroid_prototype_rrf,en::Anna Katharine Green,155,123,2.481081081081083,0.0022862039177479216
centroid_prototype_rrf,en::Algernon Blackwood,151,123,2.4740540540540557,0.00227972883039918
centroid_prototype_rrf,en::George Gissing,165,122,2.4400000000000017,0.002248349560939895
centroid_prototype_rrf,ja::Higuchi Ichiyo,191,121,2.86708536045997,0.0026418893899046595
centroid_prototype_rrf,fr::Victor Hugo,163,121,2.4200000000000017,0.0022299204661780925
centroid_prototype_rrf,en::Elizabeth von Arnim,142,120,2.5434763173968586,0.0023436983038853457
centroid_prototype_rrf,en::Frank R. Stockton,129,118,2.3800000000000012,0.002193062276654487
centroid_prototype_rrf,de::Gustav Meyrink,151,114,2.360498003288702,0.0021750920693826424
centroid_prototype_rrf,en::Sax Rohmer,144,114,2.4189116252684486,0.002228917578124885
centroid_prototype_rrf,de::Hermann Sudermann,140,114,2.5183086043003984,0.0023205073954057197
centroid_prototype_rrf,it::Giuseppe Giacosa,149,109,2.1800000000000015,0.0020087713290364633
centroid_prototype_rrf,en::Mary Roberts Rinehart,146,109,2.3213461126579573,0.0021390153742557568
centroid_prototype_rrf,en::Jane Austen,193,108,2.2164705882352953,0.0020423773253668088
centroid_prototype_rrf,en::Stanley J. Weyman,125,108,2.1834658187599376,0.0020119649241541683
centroid_prototype_rrf,en::George Meredith,158,106,2.1250000000000013,0.0019580913184415066
centroid_prototype_rrf,de::Franz Kafka,125,106,2.313333333333335,0.0021316319607818128
centroid_prototype_rrf,en::Anthony Hope,111,105,2.101666666666668,0.0019365907078860705
centroid_prototype_rrf,en::Israel Zangwill,120,103,2.177555994729909,0.0020065192888004194
centroid_prototype_rrf,ja::Ryunosuke Akutagawa,116,100,2.827076916891158,0.0026050234200145667
centroid_prototype_rrf,pl::Boleslaw Prus,138,99,2.011111111111111,0.0018531478621590194
centroid_prototype_rrf,ja::Izumi Kyoka,180,97,2.7442105340479945,0.002528665798915344
centroid_prototype_rrf,ru::Fyodor Dostoevsky,164,94,1.9904761904761918,0.0018341337167698596
centroid_prototype_rrf,en::John Buchan,106,92,1.9990481786133971,0.0018420324158537396
centroid_prototype_rrf,es::Ruben Dario,156,86,1.720000000000001,0.0015849021495150078
centroid_prototype_rrf,fr::Prosper Merimee,94,83,1.6790476190476198,0.0015471663840503644
centroid_prototype_rrf,it::Italo Svevo,174,81,1.6749999999999998,0.0015434366863009512
centroid_prototype_rrf,en::W. W. Jacobs,106,76,1.5930195712954343,0.00146789543184047
centroid_prototype_rrf,es::Miguel de Cervantes,163,75,1.5000000000000009,0.0013821821071351812
centroid_prototype_rrf,en::Joseph Sheridan Le Fanu,107,74,1.4894117647058833,0.0013724255275554035
centroid_prototype_rrf,en::H. Rider Haggard,81,72,1.4678733031674216,0.001352578810119616
centroid_prototype_rrf,it::Emilio Salgari,160,71,1.4200000000000008,0.0013084657280879714
centroid_prototype_rrf,en::Thomas Jefferson,163,68,1.368472964943553,0.0012609858974954719
centroid_prototype_rrf,zh::Lu Xun,138,64,1.2800000000000007,0.0011794620647553546
centroid_prototype_rrf,en::Arthur Machen,83,63,1.2838945233265728,0.0011830506917272269
centroid_prototype_rrf,en::Gene Stratton-Porter,58,57,1.3835366083192173,0.0012748663630568777
centroid_prototype_rrf,ja::Arishima Takeo,65,55,1.1425000000000007,0.001052762038267963
centroid_prototype_rrf,en::Margaret Oliphant,57,55,1.109411764705883,0.0010222727270811575
centroid_prototype_rrf,en::Samuel Butler,61,52,1.0400000000000005,0.0009583129276137254
centroid_prototype_rrf,it::Luigi Pirandello,55,45,0.9000000000000005,0.0008293092642811086
centroid_prototype_rrf,en::Owen Wister,41,35,0.7305052878965926,0.0006731275587322026
centroid_prototype_rrf,en::William Dean Howells,53,34,0.6800000000000003,0.000626589221901282
centroid_prototype_rrf,en::Sarah Orne Jewett,32,32,0.6450000000000002,0.0005943383060681278
centroid_prototype_rrf,en::Gertrude Atherton,28,28,0.5600000000000002,0.0005160146533304675
centroid_prototype_rrf,en::Ernest Hemingway,115,16,0.32,0.0002948655161888385
centroid_prototype_rrf,en::Barack Obama,104,4,0.08,7.371637904720962e-05
centroid_prototype_rrf,en::Arnold Bennett,0,0,0.0,0.0
candidate_empirical_null,fr::Charles Baudelaire,573,558,11.167619047618897,0.010203750929264123
candidate_empirical_null,de::Heinrich von Kleist,538,517,10.806527529318108,0.009873824926263809
candidate_empirical_null,en::Anthony Trollope,539,499,10.098069399322469,0.009226513241341225
candidate_empirical_null,de::Gotthold Ephraim Lessing,554,471,9.52874975154034,0.00870633110938143
candidate_empirical_null,en::Thomas Jefferson,562,467,9.282424242424163,0.008481265754642135
candidate_empirical_null,en::Barack Obama,539,439,10.024559112385095,0.009159347567489946
candidate_empirical_null,en::Ernest Hemingway,534,435,9.473346133570915,0.008655709332624042
candidate_empirical_null,fr::Denis Diderot,475,432,8.750476190476089,0.007995229706471
candidate_empirical_null,fr::Voltaire,509,414,8.32952380952372,0.007610609383194972
candidate_empirical_null,fr::Victor Hugo,456,405,8.141904761904676,0.007439183583001811
candidate_empirical_null,de::Ludwig Tieck,499,403,8.535083136957212,0.0077984270522410545
candidate_empirical_null,de::Rainer Maria Rilke,406,390,8.408285538750583,0.007682573251622273
candidate_empirical_null,en::Jane Austen,475,380,8.412839396323973,0.007686734069451757
candidate_empirical_null,it::Silvio Pellico,453,379,7.579999999999926,0.006925776364149194
candidate_empirical_null,en::Elizabeth Cleghorn Gaskell,421,377,7.607954545454472,0.006951318175518539
candidate_empirical_null,fr::Octave Mirbeau,458,373,7.467619047618976,0.006823094920378671
candidate_empirical_null,en::Henry James,459,370,7.565370143211152,0.006912409198402679
candidate_empirical_null,de::Friedrich Nietzsche,432,370,7.929439252038371,0.0072450557985125
candidate_empirical_null,fr::Gaston Leroux,447,368,7.363809523809455,0.006728245112149968
candidate_empirical_null,en::Katherine Mansfield,432,367,7.852095018507992,0.007174387082880845
candidate_empirical_null,en::James Joyce,453,362,7.92519998117817,0.007241182415672816
candidate_empirical_null,en::Wilkie Collins,410,358,7.365325502987705,0.006729630248398156
candidate_empirical_null,es::Juan Valera,445,355,7.099999999999937,0.006487204773807298
candidate_empirical_null,fr::Marcel Proust,407,354,7.099047619047556,0.00648633459208043
candidate_empirical_null,it::Vittorio Alfieri,452,353,7.059999999999937,0.006450657141278807
candidate_empirical_null,en::Washington Irving,426,353,7.101271538918535,0.006488366567235864
candidate_empirical_null,en::Mary Wollstonecraft Shelley,427,351,7.090434782608632,0.006478465122550485
candidate_empirical_null,en::William McKinley,432,350,6.606455766455713,0.006036257941704033
candidate_empirical_null,fr::Jules Verne,441,349,7.056190476190412,0.00644717641437133
candidate_empirical_null,en::Louisa May Alcott,432,346,7.365813985673262,0.006730076570540363
candidate_empirical_null,en::R. Austin Freeman,384,346,7.291835973904874,0.0066624835408078745
candidate_empirical_null,en::Gene Stratton-Porter,350,342,7.384062821236679,0.006746750363946478
candidate_empirical_null,es::Jose Maria de Pereda,432,341,6.8199999999999426,0.006231371346107859
candidate_empirical_null,de::Thomas Mann,340,328,7.169393939393898,0.0065506093787241725
candidate_empirical_null,fr::Anatole France,386,327,6.589523809523757,0.0060207873682055985
candidate_empirical_null,en::Nathaniel Hawthorne,375,327,6.556438791732858,0.0059905578913950885
candidate_empirical_null,de::Gustav Freytag,332,325,6.600191412174948,0.0060305342587469914
candidate_empirical_null,en::Anna Katharine Green,380,324,6.589909590117448,0.006021139852389969
candidate_empirical_null,en::Grover Cleveland,406,322,4.974949494949487,0.004545565649730536
candidate_empirical_null,en::John Adams,385,321,6.215707070707029,0.005679234448123771
candidate_empirical_null,en::George Gissing,360,312,6.286956521739085,0.0057443344169781805
candidate_empirical_null,en::Franklin D. Roosevelt,365,311,7.790666813058102,0.007118260695889163
candidate_empirical_null,de::Karl May,334,311,6.444674228340394,0.00588843963658071
candidate_empirical_null,it::Giovanni Pascoli,396,310,6.199999999999956,0.005664883041916242
candidate_empirical_null,en::Elizabeth von Arnim,348,310,6.684296475499582,0.006107380282451348
candidate_empirical_null,es::Miguel de Cervantes,404,305,6.099999999999958,0.005573513960595014
candidate_empirical_null,en::Herman Melville,363,302,6.119472114254681,0.005591305452503375
candidate_empirical_null,en::D. H. Lawrence,350,302,6.7654710144927135,0.006181548712996116
candidate_empirical_null,ru::Nikolai Leskov,367,297,5.967619047619008,0.005452558700560245
candidate_empirical_null,en::Benjamin Harrison,372,291,5.147373737373727,0.004703108096008656
candidate_empirical_null,en::Woodrow Wilson,358,291,6.1083838383838085,0.005581174196705794
candidate_empirical_null,en::R. D. Blackmore,347,291,5.960556438791692,0.005446105659757414
candidate_empirical_null,de::Friedrich Schiller,325,288,6.169627028997722,0.005637131537341538
candidate_empirical_null,de::Paul Heyse,301,288,5.959036327709342,0.005444716748226408
candidate_empirical_null,en::W. E. B. Du Bois,363,286,6.054611161785038,0.0055320425960956624
candidate_empirical_null,en::Charles Reade,325,285,5.831775535125882,0.005328439731160785
candidate_empirical_null,en::Edgar Allan Poe,342,284,5.786566368740247,0.005287132531161243
candidate_empirical_null,it::Emilio Salgari,382,283,5.659999999999967,0.005171490002781609
candidate_empirical_null,en::Edith Wharton,343,282,5.655316091953991,0.005167210359030069
candidate_empirical_null,ru::Ivan Bunin,311,281,5.619999999999968,0.005134942370253117
candidate_empirical_null,zh::Wu Jianren,377,278,5.559999999999969,0.005080120921460381
candidate_empirical_null,en::William Morris,369,277,5.692948151592621,0.005201594426204143
candidate_empirical_null,en::Edgar Rice Burroughs,346,274,5.66622819864196,0.005177180650663659
candidate_empirical_null,en::Stephen Crane,319,274,5.545911330049231,0.00506724823315601
candidate_empirical_null,ru::Alexander Pushkin,351,273,5.4876190476190185,0.0050139871102183485
candidate_empirical_null,en::Charles Dickens,349,273,5.591637519872783,0.0051090278327209915
candidate_empirical_null,it::Giuseppe Giacosa,321,272,5.439999999999972,0.004970478023874906
candidate_empirical_null,it::Edmondo De Amicis,323,270,5.404999999999973,0.0049384988454124765
candidate_empirical_null,fr::Honore de Balzac,282,270,5.445714285714257,0.004975699114236119
candidate_empirical_null,en::Abraham Lincoln,303,269,5.915900178253094,0.005405303644750881
candidate_empirical_null,zh::Li Boyuan,366,268,5.359999999999974,0.004897382758817924
candidate_empirical_null,en::F. Scott Fitzgerald,344,268,5.486190476190448,0.005012681837628046
candidate_empirical_null,ru::Nikolai Gogol,357,267,5.395238095238068,0.004929579482712071
candidate_empirical_null,es::Miguel de Unamuno,352,266,5.3199999999999745,0.004860835126289432
candidate_empirical_null,en::Arthur Conan Doyle,299,266,5.4213793103448005,0.004953464470801298
candidate_empirical_null,de::Adalbert Stifter,305,265,5.469018672465979,0.004996992118318714
candidate_empirical_null,es::Pio Baroja,327,264,5.279999999999975,0.004824287493760941
candidate_empirical_null,fr::Villiers de l'Isle-Adam,336,263,5.355238095238068,0.004893031850183579
candidate_empirical_null,en::Thomas Hardy,330,261,5.311944568256387,0.004853474952308858
candidate_empirical_null,de::Wilhelm Hauff,341,260,5.26312883650775,0.004808872466669892
candidate_empirical_null,es::Concha Espina,335,260,5.199999999999977,0.004751192228703958
candidate_empirical_null,fr::Gustave Flaubert,297,259,5.225714285714262,0.004774687135329417
candidate_empirical_null,de::Franz Kafka,295,257,5.595034965034945,0.0051121320471540525
candidate_empirical_null,en::George Meredith,323,254,5.309892639675227,0.004851600124014884
candidate_empirical_null,ru::Ivan Goncharov,314,254,5.07999999999998,0.004641549331118484
candidate_empirical_null,it::Sibilla Aleramo,299,254,5.174999999999976,0.004728349958373649
candidate_empirical_null,en::Virginia Woolf,282,254,5.259309650730169,0.004805382911710965
candidate_empirical_null,en::Frederick Douglass,319,253,5.307360562143146,0.00484928658803548
candidate_empirical_null,en::Gertrude Atherton,253,253,7.366485591702945,0.006730690210799782
candidate_empirical_null,en::Jack London,289,252,5.2414069264069045,0.004789025356965326
candidate_empirical_null,de::Clara Viebig,318,251,5.743937820805107,0.005248183218532326
candidate_empirical_null,en::Joseph Sheridan Le Fanu,292,251,5.07872813990459,0.004640387244233635
candidate_empirical_null,de::Johann Wolfgang von Goethe,285,249,5.1340568475452,0.0046909405761117705
candidate_empirical_null,pl::Boleslaw Prus,325,248,5.051111111111088,0.004615153818736793
candidate_empirical_null,de::Theodor Fontane,278,248,5.024615926708933,0.004590945412154178
candidate_empirical_null,it::Matilde Serao,312,247,5.104999999999976,0.004664391601448788
candidate_empirical_null,fr::Guy de Maupassant,298,246,4.931428571428555,0.004505800981726945
candidate_empirical_null,en::Robert Louis Stevenson,271,246,5.005947391241492,0.0045738881428014485
candidate_empirical_null,en::Sinclair Lewis,287,244,5.108528138528121,0.004667615229209695
candidate_empirical_null,fr::Jean Lorrain,307,243,4.8638095238095085,0.004444018079119257
candidate_empirical_null,en::G. K. Chesterton,287,242,4.839999999999985,0.0044222635359475355
candidate_empirical_null,it::Antonio Fogazzaro,289,240,4.819999999999985,0.00440398971968329
candidate_empirical_null,fr::Alexandre Dumas,279,240,4.84571428571427,0.0044274846263087485
candidate_empirical_null,it::Italo Svevo,338,238,4.859999999999983,0.00444053735221178
candidate_empirical_null,en::Stanley J. Weyman,270,238,4.826485390055355,0.00440991536099698
candidate_empirical_null,ru::Ivan Turgenev,302,235,4.699999999999988,0.004294346822097816
candidate_empirical_null,ru::Leo Tolstoy,259,233,4.659999999999989,0.004257799189569324
candidate_empirical_null,pl::Maria Konopnicka,302,229,4.57999999999999,0.004184703924512342
candidate_empirical_null,en::Calvin Coolidge,291,228,5.225882853056767,0.004774841153761671
candidate_empirical_null,de::Heinrich Heine,253,228,4.906511627906975,0.0044830345993379485
candidate_empirical_null,fr::Emile Zola,311,226,4.523809523809516,0.00413336320262708
candidate_empirical_null,it::Alessandro Manzoni,271,226,4.519999999999992,0.004129882475719605
candidate_empirical_null,en::George MacDonald,263,226,4.6491176470588105,0.0042478560836608364
candidate_empirical_null,en::George Eliot,243,225,4.5552180527383275,0.004162060886965848
candidate_empirical_null,ja::Higuchi Ichiyo,293,223,5.384080408755301,0.004919384807076063
candidate_empirical_null,en::Marie Corelli,274,223,4.488965517241372,0.004101526553930259
candidate_empirical_null,de::Arthur Schnitzler,273,223,4.70588436187615,0.004299723309485682
candidate_empirical_null,en::Ambrose Bierce,234,222,4.447027027027021,0.004063207740701412
candidate_empirical_null,en::Anthony Hope,235,221,4.451465517241373,0.004067263148434798
candidate_empirical_null,de::Ricarda Huch,223,221,4.512657704053047,0.004123173887364996
candidate_empirical_null,en::H. G. Wells,274,220,4.825337432293943,0.004408866482536422
candidate_empirical_null,ja::Ryunosuke Akutagawa,242,216,5.743185135298101,0.005247495496699337
candidate_empirical_null,en::Theodore Roosevelt,223,216,4.64420875420876,0.004243370873360702
candidate_empirical_null,ru::Alexander Kuprin,275,215,4.35523809523809,0.003979341036971295
candidate_empirical_null,fr::Emile Gaboriau,257,215,4.315238095238091,0.003942793404442804
candidate_empirical_null,pl::Stefan Zeromski,305,213,4.353333333333333,0.003977600673517562
candidate_empirical_null,it::Alfredo Panzini,250,213,4.264999999999997,0.0038968913183504723
candidate_empirical_null,en::William Dean Howells,247,213,4.341583719269136,0.0039668651590883145
candidate_empirical_null,es::Jacinto Benavente,270,212,4.2399999999999975,0.003874049048020165
candidate_empirical_null,fr::Andre Gide,255,211,4.250476190476188,0.0038836210470157223
candidate_empirical_null,ru::Fyodor Dostoevsky,290,210,4.338095238095233,0.003963677765887656
candidate_empirical_null,fr::George Sand,239,209,4.179999999999999,0.0038192275992274282
candidate_empirical_null,en::James Baldwin,264,208,4.283320158102764,0.003913630278505567
candidate_empirical_null,ru::Leonid Andreyev,236,208,4.519047619047608,0.004129012293992734
candidate_empirical_null,it::Luigi Pirandello,248,207,4.14,0.0037826799666989368
candidate_empirical_null,fr::Stendhal,216,206,4.154285714285713,0.003795732692601969
candidate_empirical_null,ja::Arishima Takeo,243,204,4.9368493348756335,0.004510753883489138
candidate_empirical_null,en::E. Phillips Oppenheim,240,204,4.18221264367816,0.003821249271429077
candidate_empirical_null,en::Margaret Oliphant,214,203,4.180746531814305,0.00381990969848793
candidate_empirical_null,de::Wilhelm Raabe,249,202,4.31066189624329,0.003938612173461822
candidate_empirical_null,en::E. M. Forster,218,201,4.255883838383837,0.0038885619652300283
candidate_empirical_null,en::Bram Stoker,229,198,4.13272943019746,0.0037760369138635378
candidate_empirical_null,en::Booth Tarkington,211,198,3.9833333333333365,0.0036395350726290123
candidate_empirical_null,ja::Shimazaki Toson,228,196,5.646122167306362,0.005158809954542164
candidate_empirical_null,de::Gustav Meyrink,238,195,4.058780831571534,0.003708470758649105
candidate_empirical_null,es::Vicente Blasco Ibanez,227,195,3.900000000000003,0.003563394171527987
candidate_empirical_null,en::Mark Twain,231,194,3.995778420561032,0.0036509060344985834
candidate_empirical_null,es::Eduardo Zamacois,257,192,3.840000000000003,0.0035085727227352486
candidate_empirical_null,en::Richard Harding Davis,216,192,4.062389422172032,0.003711767894729424
candidate_empirical_null,fr::Romain Rolland,251,191,3.8276190476190504,0.0034972603602859533
candidate_empirical_null,ja::Izumi Kyoka,277,189,5.475192261299046,0.005002632869720037
candidate_empirical_null,ru::Maxim Gorky,233,189,3.8904761904761926,0.0035546923542592976
candidate_empirical_null,it::Salvatore Farina,252,188,3.7700000000000027,0.003444614365810387
candidate_empirical_null,en::L. M. Montgomery,237,188,4.237875964615093,0.0038721083364020403
candidate_empirical_null,en::Frank R. Stockton,204,188,3.795000000000002,0.003467456636140694
candidate_empirical_null,zh::Feng Menglong,276,187,3.740000000000003,0.0034172036414140184
candidate_empirical_null,de::Stefan Zweig,218,187,3.996589147286825,0.0036516467880599664
candidate_empirical_null,en::Harold Frederic,203,186,3.755992544268409,0.0034318158821919523
candidate_empirical_null,it::Annie Vivanti,241,185,3.7050000000000027,0.0033852244629515877
candidate_empirical_null,it::Gabriele D'Annunzio,213,182,3.6450000000000027,0.0033304030141588494
candidate_empirical_null,es::Leopoldo Alas,242,180,3.6000000000000028,0.0032892869275642955
candidate_empirical_null,en::Kate Chopin,254,179,3.8784088375392747,0.0035436665247410453
candidate_empirical_null,it::Federico De Roberto,196,179,3.5800000000000027,0.0032710131113000496
candidate_empirical_null,en::W. W. Jacobs,215,178,3.740490603680262,0.0034176519014895994
candidate_empirical_null,fr::Marcel Schwob,205,178,3.605714285714287,0.0032945080179255077
candidate_empirical_null,ru::Anton Chekhov,218,176,4.017142857142856,0.003670426523932853
candidate_empirical_null,de::Jakob Wassermann,199,175,3.8216630473949222,0.003491818417597677
candidate_empirical_null,en::Sarah Orne Jewett,186,175,4.8679188203101065,0.004447772705580619
candidate_empirical_null,en::O. Henry,199,174,3.652331648860887,0.003337101874368738
candidate_empirical_null,fr::Paul Bourget,194,174,3.4838095238095264,0.0031831247568862944
candidate_empirical_null,en::H. Rider Haggard,184,174,3.530145428233666,0.0032254614470805143
candidate_empirical_null,ja::Kunikida Doppo,197,172,4.210437983069559,0.0038470385047307968
candidate_empirical_null,es::Ruben Dario,257,171,3.4200000000000026,0.003124822581186081
candidate_empirical_null,fr::Pierre Loti,176,170,3.4152380952380974,0.003120471672551736
candidate_empirical_null,de::Hermann Hesse,186,167,3.867565330246592,0.0035337589117447206
candidate_empirical_null,de::Theodor Storm,178,166,3.3781456148350837,0.003086580613968245
candidate_empirical_null,en::Algernon Blackwood,204,163,3.2740540540540564,0.0029914731111496903
candidate_empirical_null,ja::Okamoto Kido,244,161,5.199762605815217,0.004750975323818233
candidate_empirical_null,en::Joseph Conrad,177,161,3.425322338830587,0.003129685553280389
candidate_empirical_null,en::Alice Brown,176,161,3.3364285714285735,0.003048464134653338
candidate_empirical_null,pl::Eliza Orzeszkowa,253,156,3.1622222222222227,0.002889293393780241
candidate_empirical_null,en::John Buchan,178,154,3.2963927109804194,0.0030118837367628095
candidate_empirical_null,fr::Joris-Karl Huysmans,200,151,3.023809523809526,0.0027628269828086343
candidate_empirical_null,en::Israel Zangwill,174,151,3.3232079152731338,0.003036384542579474
candidate_empirical_null,en::Lord Dunsany,164,150,3.3187876254180626,0.00303234576434716
candidate_empirical_null,en::Samuel Butler,161,150,3.6607302118171683,0.003344775564186077
candidate_empirical_null,en::Willa Cather,189,149,3.173088536900384,0.0028992218456751506
candidate_empirical_null,ja::Natsume Soseki,187,149,3.8763995215311002,0.0035418306311635357
candidate_empirical_null,fr::Alphonse Daudet,174,149,2.980000000000002,0.002722798623372667
candidate_empirical_null,en::Mary E. Wilkins Freeman,170,149,3.143320158102768,0.002872022751443545
candidate_empirical_null,es::Benito Perez Galdos,165,149,2.980000000000002,0.002722798623372667
candidate_empirical_null,de::Gerhart Hauptmann,154,146,3.1078035537953497,0.0028395715563713604
candidate_empirical_null,en::Hamlin Garland,166,143,2.860000000000002,0.0026131557257871906
candidate_empirical_null,en::Arnold Bennett,147,143,3.0237943528235904,0.0027628131212181577
candidate_empirical_null,es::Emilia Pardo Bazan,187,142,2.840000000000002,0.002594881909522944
candidate_empirical_null,en::Frances Hodgson Burnett,172,141,2.894601449275365,0.002644770752113921
candidate_empirical_null,en::Mary Roberts Rinehart,177,136,2.91475096867151,0.0026631811828768215
candidate_empirical_null,de::Ludwig Ganghofer,146,132,2.7588595414313617,0.002520744617948944
candidate_empirical_null,en::Rudyard Kipling,167,131,2.9536259754738037,0.002698700919455643
candidate_empirical_null,en::P. G. Wodehouse,160,129,2.669389590918828,0.0024389967461070825
candidate_empirical_null,fr::Edmond About,159,127,2.574285714285716,0.002352101207726532
candidate_empirical_null,en::Frank Norris,141,126,2.520000000000002,0.002302500849295007
candidate_empirical_null,it::Luigi Capuana,134,125,2.5000000000000018,0.0022842270330307606
candidate_empirical_null,fr::Jules Barbey d'Aurevilly,125,122,2.4438095238095254,0.0022328863111454977
candidate_empirical_null,en::Owen Wister,125,118,2.5956697249088565,0.0023716395817825297
candidate_empirical_null,en::Arthur Machen,143,116,2.3649170526024763,0.002160802984972001
candidate_empirical_null,ja::Mori Ogai,123,116,2.6254097218570913,0.0023988127437790936
candidate_empirical_null,en::Stephen Leacock,121,116,2.345454545454547,0.002143020270988859
candidate_empirical_null,en::Sax Rohmer,139,114,2.391914583248918,0.002185470380703072
candidate_empirical_null,de::E. T. A. Hoffmann,136,106,2.2872219936925817,0.0020898137234140416
candidate_empirical_null,en::Jerome K. Jerome,109,106,2.3278965922444197,0.0021269777304419543
candidate_empirical_null,fr::Octave Feuillet,138,105,2.1419047619047626,0.0019570387037280684
candidate_empirical_null,en::Agatha Christie,116,103,2.0851449275362333,0.001905177764506091
candidate_empirical_null,en::E. Nesbit,105,101,2.4812864309603455,0.0022671286169168125
candidate_empirical_null,de::Hermann Sudermann,109,95,2.237780063074182,0.0020446390856205298
candidate_empirical_null,zh::Lu Xun,181,92,1.8400000000000012,0.0016811910963106399
candidate_empirical_null,fr::Prosper Merimee,101,91,1.8466666666666671,0.0016872823683987213
candidate_empirical_null,en::Robert W. Chambers,88,79,1.5808333333333342,0.0014443928938864508
candidate_empirical_null,de::Marie von Ebner-Eschenbach,60,59,1.4108597285067868,0.001289089572667856
mutual_proximity,en::L. M. Montgomery,594,527,14.67489666130957,0.013510337833387702
mutual_proximity,en::Katherine Mansfield,544,468,10.285004198699749,0.009468814980387366
mutual_proximity,en::Washington Irving,505,424,8.494497920380182,0.007820398281367125
mutual_proximity,en::Nathaniel Hawthorne,474,407,8.147027027026942,0.007500501707999885
mutual_proximity,fr::Charles Baudelaire,411,402,8.039999999999917,0.007401968047026957
mutual_proximity,en::Elizabeth Cleghorn Gaskell,448,401,8.056666666666583,0.007417312093558936
mutual_proximity,it::Antonio Fogazzaro,439,389,7.82999999999993,0.007208633060724024
mutual_proximity,de::Rainer Maria Rilke,393,382,8.300111671274394,0.007641437982279752
mutual_proximity,en::F. Scott Fitzgerald,460,381,7.926764069263997,0.0072977182036087175
mutual_proximity,fr::Denis Diderot,428,380,7.6990476190475405,0.007088072695115604
mutual_proximity,de::Wilhelm Hauff,459,372,7.544182538847317,0.006945497275309344
mutual_proximity,en::Jack London,416,371,7.608130275521507,0.007004370298137957
mutual_proximity,ru::Ivan Turgenev,450,369,7.379999999999931,0.006794343804360572
mutual_proximity,de::Arthur Schnitzler,432,367,7.746743994719307,0.0071319840195784665
mutual_proximity,en::D. H. Lawrence,419,367,8.093421325051693,0.007451150004870626
mutual_proximity,it::Federico De Roberto,403,364,7.284999999999933,0.006706882739128289
mutual_proximity,fr::Jean Lorrain,432,363,7.267619047618981,0.0066908810906020815
mutual_proximity,en::Stephen Crane,413,362,7.305911330049195,0.006726134604407577
mutual_proximity,it::Luigi Capuana,400,362,7.239999999999934,0.006665453813491944
mutual_proximity,en::James Joyce,448,356,7.577986542442995,0.006976618687557701
mutual_proximity,fr::Guy de Maupassant,411,356,7.139047619047555,0.0065725127316410975
mutual_proximity,en::Gene Stratton-Porter,363,352,7.446121451012693,0.006855218041626682
mutual_proximity,en::Anthony Trollope,386,351,7.0862405820141765,0.00652389631363373
mutual_proximity,de::Stefan Zweig,377,340,7.33984496124026,0.006757375357367261
mutual_proximity,en::Sinclair Lewis,388,339,7.2051753993132746,0.0066333927958883215
mutual_proximity,en::Abraham Lincoln,378,337,7.3176232917408885,0.0067369171375182635
mutual_proximity,it::Alessandro Manzoni,387,328,6.559999999999948,0.006039416714987184
mutual_proximity,fr::Anatole France,381,325,6.545714285714234,0.006026264675102629
mutual_proximity,en::R. Austin Freeman,366,325,6.892917054985963,0.006345914401966888
mutual_proximity,en::Henry James,410,320,6.446002554278368,0.005934465788286458
mutual_proximity,en::Virginia Woolf,351,320,6.6383958020988985,0.006111591245106273
mutual_proximity,ru::Alexander Kuprin,395,319,6.518095238095191,0.006000837397992496
mutual_proximity,en::Sarah Orne Jewett,337,317,9.731955001520182,0.008959654223427527
mutual_proximity,en::Edith Wharton,374,314,6.2953160919539775,0.005795737382907766
mutual_proximity,en::Wilkie Collins,363,314,6.427394468504967,0.00591733438824777
mutual_proximity,ru::Ivan Goncharov,380,312,6.239999999999955,0.005744811021573179
mutual_proximity,de::Thomas Mann,324,312,6.891818181818144,0.0063449027323057025
mutual_proximity,es::Benito Perez Galdos,340,311,6.219999999999955,0.005726398165734803
mutual_proximity,de::Ricarda Huch,309,307,6.301554543647527,0.005801480768492166
mutual_proximity,ja::Natsume Soseki,365,306,7.957645380934819,0.007326148860603458
mutual_proximity,de::Heinrich Heine,335,305,6.822049358150568,0.006280670567695496
mutual_proximity,en::William Morris,393,304,6.127647058823486,0.005641374096128187
mutual_proximity,en::Willa Cather,355,304,6.731410794353034,0.006197224827265426
mutual_proximity,es::Eduardo Zamacois,381,303,6.059999999999959,0.005579095319027801
mutual_proximity,en::Mary Wollstonecraft Shelley,376,303,6.059999999999959,0.005579095319027801
mutual_proximity,de::Heinrich von Kleist,317,303,6.082230172927808,0.005599561367496933
mutual_proximity,en::James Baldwin,368,301,6.077285067873262,0.0055950086921731845
mutual_proximity,en::George MacDonald,333,296,6.07818627450976,0.005595838381567106
mutual_proximity,zh::Li Boyuan,391,291,5.819999999999964,0.005358141048967297
mutual_proximity,es::Juan Valera,370,291,5.819999999999964,0.005358141048967297
mutual_proximity,de::Gotthold Ephraim Lessing,367,291,5.850971973762636,0.005386655173363399
mutual_proximity,fr::Gustave Flaubert,331,290,5.860952380952344,0.005395843563303018
mutual_proximity,fr::Paul Bourget,316,290,5.8228571428571065,0.005360771456944208
mutual_proximity,en::Arthur Conan Doyle,325,289,5.866896551724102,0.0054013160212779705
mutual_proximity,fr::Villiers de l'Isle-Adam,358,285,5.806666666666629,0.005345865811741712
mutual_proximity,it::Alfredo Panzini,331,285,5.699999999999966,0.0052476639139370455
mutual_proximity,it::Giovanni Pascoli,364,283,5.659999999999967,0.005210838202260294
mutual_proximity,de::Gerhart Hauptmann,299,280,5.891577300947994,0.005424038175150103
mutual_proximity,en::Thomas Hardy,343,279,5.6065097856476855,0.005161592821978676
mutual_proximity,it::Sibilla Aleramo,328,279,5.694999999999965,0.005243060699977449
mutual_proximity,es::Jose Maria de Pereda,367,278,5.559999999999969,0.005118773923068418
mutual_proximity,fr::Andre Gide,324,276,5.565714285714254,0.005124034739022239
mutual_proximity,ru::Maxim Gorky,348,275,5.610476190476159,0.005165244463993841
mutual_proximity,en::Charles Dickens,345,272,5.562225755166901,0.00512082304851943
mutual_proximity,fr::Emile Gaboriau,319,272,5.459047619047591,0.005025832841217571
mutual_proximity,fr::Alphonse Daudet,311,272,5.443809523809496,0.0050118039986740475
mutual_proximity,fr::Honore de Balzac,285,272,5.489523809523781,0.005053890526304619
mutual_proximity,pl::Maria Konopnicka,357,271,5.419999999999972,0.004989883932199791
mutual_proximity,en::Herman Melville,331,270,5.414054054054027,0.004984409839923517
mutual_proximity,de::Adalbert Stifter,314,270,5.51616004302732,0.005078412982683518
mutual_proximity,es::Miguel de Unamuno,356,268,5.359999999999974,0.004934645364684665
mutual_proximity,fr::Octave Mirbeau,347,268,5.359999999999974,0.004934645364684665
mutual_proximity,zh::Wu Jianren,367,267,5.339999999999974,0.004916232508846289
mutual_proximity,en::Louisa May Alcott,354,267,5.478095238095211,0.005043368894396978
mutual_proximity,fr::Victor Hugo,316,267,5.3476190476190215,0.004923246930118051
mutual_proximity,fr::Jules Verne,349,266,5.373333333333306,0.004946920601910248
mutual_proximity,de::Jakob Wassermann,297,266,5.855716334129438,0.00539102303453736
mutual_proximity,fr::Octave Feuillet,315,264,5.3714285714285435,0.004945166996592307
mutual_proximity,en::Elizabeth von Arnim,296,264,5.477787911599731,0.005043085956474148
mutual_proximity,es::Concha Espina,336,262,5.239999999999976,0.004824168229654413
mutual_proximity,en::John Adams,326,262,5.045656565656548,0.004645247347669394
mutual_proximity,fr::George Sand,304,262,5.239999999999976,0.004824168229654413
mutual_proximity,de::Gustav Freytag,265,262,5.27163206302739,0.004853290060474122
mutual_proximity,de::Friedrich Nietzsche,330,261,5.386754772814944,0.0049592769534261925
mutual_proximity,es::Emilia Pardo Bazan,327,260,5.199999999999977,0.0047873425179776625
mutual_proximity,en::Robert Louis Stevenson,285,258,5.22049284578694,0.004806209108737333
mutual_proximity,en::Ambrose Bierce,279,257,5.154054054054033,0.0047450427140246386
mutual_proximity,ja::Mori Ogai,274,257,6.640544849886922,0.0061135697504618065
mutual_proximity,en::R. D. Blackmore,314,256,5.231732909379944,0.004816557192264941
mutual_proximity,en::Anna Katharine Green,302,256,5.200539444109401,0.0047878391533086465
mutual_proximity,fr::Marcel Schwob,297,256,5.1847619047618805,0.004773313675434137
mutual_proximity,en::G. K. Chesterton,300,255,5.099999999999979,0.004695278238785786
mutual_proximity,en::Edgar Allan Poe,305,253,5.074054054054034,0.004671391290671137
mutual_proximity,it::Silvio Pellico,314,250,4.999999999999981,0.004603213959593909
mutual_proximity,fr::Marcel Proust,292,246,4.935238095238078,0.004543591378783932
mutual_proximity,de::Theodor Fontane,277,246,5.116232088325095,0.004710222193900092
mutual_proximity,ru::Nikolai Gogol,333,245,4.9552380952380775,0.004562004234622307
mutual_proximity,pl::Stefan Zeromski,339,244,4.975555555555554,0.004580709358013689
mutual_proximity,de::Ludwig Tieck,334,241,4.916068556766219,0.004525943081365405
mutual_proximity,en::Frederick Douglass,311,240,5.051032576403401,0.004650196733212762
mutual_proximity,fr::Gaston Leroux,301,240,4.799999999999986,0.004419085401210156
mutual_proximity,ru::Anton Chekhov,297,240,5.297142857142829,0.0048767763891926245
mutual_proximity,en::Kate Chopin,315,239,5.9890034965034715,0.005513732899832323
mutual_proximity,en::Frank Norris,261,239,4.8016666666666525,0.004420619805863354
mutual_proximity,en::Richard Harding Davis,271,238,4.895472860472846,0.004506981802028362
mutual_proximity,en::E. M. Forster,253,238,5.1433838383838255,0.004735219256879643
mutual_proximity,en::Charles Reade,275,237,4.819819013386773,0.004437331633027644
mutual_proximity,en::Stanley J. Weyman,264,237,4.801414396140547,0.004420387554821882
mutual_proximity,en::George Eliot,254,236,4.784874915483421,0.004405160601172818
mutual_proximity,fr::Voltaire,323,234,4.69142857142856,0.004319129898087548
mutual_proximity,en::George Meredith,306,234,4.774999999999987,0.0043960693314121875
mutual_proximity,en::Frank R. Stockton,254,234,4.714999999999987,0.004340830763897061
mutual_proximity,it::Salvatore Farina,311,233,4.669999999999988,0.0042994018382607165
mutual_proximity,de::Clara Viebig,302,233,5.310439212710063,0.0048890175831043875
mutual_proximity,en::George Gissing,281,233,4.659999999999989,0.004290195410341529
mutual_proximity,en::Edgar Rice Burroughs,302,232,4.746262814538663,0.004369612648757186
mutual_proximity,it::Annie Vivanti,298,232,4.654999999999989,0.0042855921963819345
mutual_proximity,en::H. G. Wells,296,231,4.86407407407406,0.004478074735655323
mutual_proximity,es::Leopoldo Alas,293,231,4.6199999999999894,0.004253369698664778
mutual_proximity,en::Frances Hodgson Burnett,268,231,5.104026625548351,0.00469898532257265
mutual_proximity,de::Karl May,246,229,4.710467646049032,0.004336658084901689
mutual_proximity,it::Gabriele D'Annunzio,261,227,4.544999999999991,0.004184321489270871
mutual_proximity,en::Theodore Roosevelt,234,227,4.988124725516036,0.0045922810737382075
mutual_proximity,en::Grover Cleveland,311,226,2.9951515151515227,0.0027574646531288776
mutual_proximity,fr::Alexandre Dumas,265,224,4.510476190476182,0.004152537392883199
mutual_proximity,en::Benjamin Harrison,306,223,3.757474747474757,0.0034592920420794928
mutual_proximity,en::Joseph Conrad,237,221,4.651461055186681,0.004282334092348565
mutual_proximity,it::Edmondo De Amicis,267,220,4.399999999999994,0.004050828284442649
mutual_proximity,en::O. Henry,245,220,4.588234152154682,0.004224124699816807
mutual_proximity,en::Marie Corelli,275,218,4.383894523326567,0.004036000893432843
mutual_proximity,en::Anthony Hope,233,217,4.392614942528731,0.004044029284513825
mutual_proximity,ru::Ivan Bunin,236,216,4.319999999999996,0.003977176861089149
mutual_proximity,de::Johann Wolfgang von Goethe,260,213,4.399697873186241,0.004050550133569323
mutual_proximity,zh::Feng Menglong,303,212,4.2399999999999975,0.0039035254377356473
mutual_proximity,fr::Stendhal,223,212,4.278095238095235,0.003938597544094457
mutual_proximity,es::Pio Baroja,270,210,4.199999999999998,0.0038666997260588965
mutual_proximity,en::E. Phillips Oppenheim,240,208,4.291178160919537,0.003950642242689881
mutual_proximity,en::Hamlin Garland,239,208,4.159999999999999,0.003829874014382146
mutual_proximity,de::Hermann Hesse,231,206,4.730678265343101,0.004355264845874989
mutual_proximity,en::Alice Brown,226,206,4.186666666666666,0.003854424488833313
mutual_proximity,en::Mark Twain,243,204,4.133983548766158,0.003805922156082403
mutual_proximity,de::Marie von Ebner-Eschenbach,215,204,4.592651857945968,0.004228191828810372
mutual_proximity,en::Jane Austen,294,203,4.140882352941175,0.0038122734904189924
mutual_proximity,de::Friedrich Schiller,231,203,4.320052094128702,0.003977224821173243
mutual_proximity,it::Matilde Serao,255,202,4.179999999999996,0.0038482868702205187
mutual_proximity,en::Bram Stoker,234,202,4.151390808967535,0.003821948024713856
mutual_proximity,es::Vicente Blasco Ibanez,230,201,4.020000000000002,0.003700984023513519
mutual_proximity,fr::Emile Zola,284,200,4.003809523809527,0.003686078378311025
mutual_proximity,en::William Dean Howells,234,199,4.0956798806479116,0.0037706581601252903
mutual_proximity,en::Booth Tarkington,217,198,3.98416666666667,0.0036679943234697635
mutual_proximity,de::Paul Heyse,206,195,3.970457516339872,0.0036553730930380655
mutual_proximity,en::Woodrow Wilson,266,194,4.263333333333329,0.003925007102880417
mutual_proximity,en::Joseph Sheridan Le Fanu,234,194,3.931701112877586,0.003619692289549816
mutual_proximity,en::Margaret Oliphant,208,192,3.901813725490199,0.0035921766817823336
mutual_proximity,es::Jacinto Benavente,248,191,3.820000000000003,0.0035168554651297626
mutual_proximity,ru::Alexander Pushkin,265,190,3.8276190476190504,0.0035238698864015244
mutual_proximity,en::Franklin D. Roosevelt,246,190,3.843383838383843,0.0035383836273852384
mutual_proximity,en::Algernon Blackwood,225,190,3.821081081081084,0.0035178507546345396
mutual_proximity,ru::Nikolai Leskov,249,189,3.8076190476190503,0.003505457030563149
mutual_proximity,it::Vittorio Alfieri,287,188,3.760000000000003,0.0034616168976146352
mutual_proximity,pl::Eliza Orzeszkowa,287,188,3.8222222222222224,0.0035189013380006904
mutual_proximity,en::William McKinley,272,187,3.201818181818185,0.0029477308301254224
mutual_proximity,de::Ludwig Ganghofer,202,186,3.8556397394974695,0.003549666934403968
mutual_proximity,en::H. Rider Haggard,196,185,3.7451454282336663,0.003447941143190917
mutual_proximity,en::Harold Frederic,204,184,3.730475302889099,0.0034344351980358963
mutual_proximity,ja::Shimazaki Toson,230,181,5.408785293653703,0.004979559193638612
mutual_proximity,en::Mary E. Wilkins Freeman,203,181,3.710454545454547,0.0034160032320150213
mutual_proximity,fr::Joris-Karl Huysmans,234,179,3.5838095238095264,0.0032994084057051346
mutual_proximity,de::Gustav Meyrink,217,178,3.787009631195682,0.0034864831198873217
mutual_proximity,de::Wilhelm Raabe,221,176,3.8251759093619597,0.0035216206287754727
mutual_proximity,en::P. G. Wodehouse,212,176,3.5714285714285743,0.0032880099711385213
mutual_proximity,en::Stephen Leacock,185,176,3.5200000000000027,0.0032406626275541268
mutual_proximity,ja::Kunikida Doppo,200,173,4.173043798306954,0.0038418826932726862
mutual_proximity,en::W. E. B. Du Bois,242,172,3.512074592074595,0.0032333661578745837
mutual_proximity,en::Agatha Christie,194,172,3.5182401656314735,0.003239042448727769
mutual_proximity,de::E. T. A. Hoffmann,205,169,3.5391957563640197,0.003258335062286088
mutual_proximity,en::Samuel Butler,189,169,3.8402954292084743,0.0035355403057394396
mutual_proximity,de::Hermann Sudermann,199,168,3.713198405181992,0.00341852934669513
mutual_proximity,en::John Buchan,189,168,3.6403869686778254,0.0033514960225083166
mutual_proximity,en::Calvin Coolidge,232,167,3.8968555116381265,0.003587611937938631
mutual_proximity,en::Israel Zangwill,188,167,3.51755599472991,0.0032384125717188042
mutual_proximity,fr::Romain Rolland,221,166,3.323809523809526,0.0030600412798062505
mutual_proximity,en::Sax Rohmer,201,165,3.4314558936747868,0.003159145134298926
mutual_proximity,en::Mary Roberts Rinehart,212,162,3.486252944956097,0.003209593644579468
mutual_proximity,ja::Okamoto Kido,246,160,5.214994208577781,0.004801146828025344
mutual_proximity,pl::Boleslaw Prus,202,159,3.2333333333333334,0.0029767450272040726
mutual_proximity,ja::Ryunosuke Akutagawa,178,159,4.297611073137382,0.003956564656954286
mutual_proximity,ru::Leo Tolstoy,176,159,3.1800000000000024,0.0029276440783017393
mutual_proximity,ru::Leonid Andreyev,182,158,3.463809523809524,0.0031889312706748782
mutual_proximity,fr::Edmond About,186,155,3.130476190476193,0.0028820503400352852
mutual_proximity,fr::Pierre Loti,161,154,3.083809523809526,0.0028390870097457417
mutual_proximity,en::E. Nesbit,161,152,3.9658028374013035,0.0036510877964245764
mutual_proximity,ja::Higuchi Ichiyo,221,151,3.649016022677009,0.003359440298873743
mutual_proximity,it::Giuseppe Giacosa,193,151,3.0200000000000022,0.0027803412315947334
mutual_proximity,de::Theodor Storm,171,151,3.059689922480622,0.0028168814726383315
mutual_proximity,de::Franz Kafka,170,142,3.1316161616161646,0.0028830998462482955
mutual_proximity,en::Rudyard Kipling,181,141,3.145508074964599,0.002895889336138492
mutual_proximity,en::Jerome K. Jerome,143,139,2.9878965922444203,0.0027507854606485275
mutual_proximity,en::Gertrude Atherton,138,138,3.460885274146145,0.0031862390813005175
mutual_proximity,en::Arnold Bennett,138,137,2.8433333333333355,0.002617694338355748
mutual_proximity,en::Robert W. Chambers,149,136,2.788623188405799,0.002567325837783379
mutual_proximity,it::Emilio Salgari,225,130,2.600000000000002,0.0023936712589888434
mutual_proximity,es::Miguel de Cervantes,224,129,2.580000000000002,0.0023752584031504678
mutual_proximity,fr::Jules Barbey d'Aurevilly,132,129,2.5838095238095256,0.0023787656137863487
mutual_proximity,en::Thomas Jefferson,224,128,2.4546761734997053,0.0022598799256272895
mutual_proximity,ru::Fyodor Dostoevsky,202,128,2.69809523809524,0.0024839819328627815
mutual_proximity,ja::Izumi Kyoka,209,125,3.7089062098891805,0.0034145777680372955
mutual_proximity,en::Lord Dunsany,138,122,2.645981047937571,0.0024360033793374386
mutual_proximity,it::Italo Svevo,213,119,2.45,0.002255574840201024
mutual_proximity,en::W. W. Jacobs,143,112,2.2759925442684077,0.0020953761303416064
mutual_proximity,en::Arthur Machen,124,100,2.0238945233265735,0.0018632839045045156
mutual_proximity,en::Owen Wister,108,99,2.106756681430596,0.0019395703530858187
mutual_proximity,ja::Arishima Takeo,111,94,1.9396428571428586,0.0017857182153253309
mutual_proximity,es::Ruben Dario,158,89,1.7800000000000011,0.0016387441696154388
mutual_proximity,fr::Prosper Merimee,95,83,1.6790476190476196,0.0015458030877645895
mutual_proximity,it::Luigi Pirandello,94,75,1.5000000000000009,0.0013809641878781787
mutual_proximity,zh::Lu Xun,139,64,1.2800000000000007,0.0011784227736560458
mutual_proximity,en::Ernest Hemingway,151,52,1.0634782608695659,0.0009790835952318913
mutual_proximity,en::Barack Obama,105,5,0.08505050505050506,7.830113442379972e-05
calibrated_multiview,fr::Charles Baudelaire,572,557,11.147619047618898,0.010213324241686977
calibrated_multiview,de::Heinrich von Kleist,535,514,10.72652752931811,0.009827524889066576
calibrated_multiview,en::Thomas Jefferson,567,473,9.363600713012396,0.008578826540732392
calibrated_multiview,de::Gotthold Ephraim Lessing,553,470,9.506527529318118,0.008709774495764475
calibrated_multiview,en::Ernest Hemingway,554,455,9.915757200764581,0.009084706156592489
calibrated_multiview,en::Barack Obama,551,451,10.234797207623187,0.009377007052613238
calibrated_multiview,en::Anthony Trollope,490,451,9.134073897073614,0.008368536631888988
calibrated_multiview,fr::Denis Diderot,477,433,8.774285714285613,0.008038902711547398
calibrated_multiview,fr::Voltaire,513,418,8.409523809523717,0.007704711922605401
calibrated_multiview,en::Jane Austen,507,412,9.339165787324259,0.008556439534340406
calibrated_multiview,de::Ludwig Tieck,497,401,8.495083136957213,0.007783100424154134
calibrated_multiview,en::R. Austin Freeman,434,394,8.280372786579598,0.007586385195809369
calibrated_multiview,de::Rainer Maria Rilke,410,394,8.488285538750581,0.007776872540491042
calibrated_multiview,en::Elizabeth Cleghorn Gaskell,442,391,7.8858149058148275,0.007224895665968985
calibrated_multiview,it::Silvio Pellico,462,388,7.7599999999999225,0.007109625452478921
calibrated_multiview,fr::Victor Hugo,442,388,7.79809523809516,0.007144527884744404
calibrated_multiview,en::William McKinley,458,376,7.178328338328272,0.006576704363457463
calibrated_multiview,fr::Octave Mirbeau,458,373,7.467619047618976,0.006841749284841341
calibrated_multiview,en::Anna Katharine Green,430,368,7.488976086281112,0.006861316365467874
calibrated_multiview,fr::Gaston Leroux,445,366,7.323809523809456,0.0067099926030391435
calibrated_multiview,de::Friedrich Nietzsche,428,366,7.84002748733249,0.007182945743823968
calibrated_multiview,en::Grover Cleveland,448,364,5.8149494949494684,0.005327591872960387
calibrated_multiview,es::Juan Valera,449,359,7.179999999999935,0.006578235921236946
calibrated_multiview,en::Mary Wollstonecraft Shelley,434,357,7.163478260869501,0.0065630988881131115
calibrated_multiview,fr::Marcel Proust,411,357,7.159047619047555,0.006559039583490931
calibrated_multiview,en::Wilkie Collins,410,357,7.330009411033683,0.006715672870566446
calibrated_multiview,it::Vittorio Alfieri,455,356,7.119999999999936,0.00652326459041881
calibrated_multiview,en::James Joyce,444,351,7.633247694334585,0.0069934964037007405
calibrated_multiview,fr::Jules Verne,440,348,7.036190476190413,0.006446479239434747
calibrated_multiview,en::Washington Irving,424,348,7.010196078431313,0.006422663462124186
calibrated_multiview,en::John Adams,410,346,6.715707070707018,0.006152855917692236
calibrated_multiview,en::Herman Melville,409,346,6.995064629847178,0.006408800197692917
calibrated_multiview,es::Jose Maria de Pereda,428,338,6.759999999999944,0.006193436605509998
calibrated_multiview,en::Louisa May Alcott,427,338,7.127259967227943,0.0065299160914224705
calibrated_multiview,en::Charles Reade,382,336,6.8946655607013065,0.006316815690295406
calibrated_multiview,de::Thomas Mann,344,332,7.249393939393896,0.006641813874556932
calibrated_multiview,en::Nathaniel Hawthorne,380,327,6.578823529411713,0.006027444743823864
calibrated_multiview,de::Gustav Freytag,334,327,6.640191412174947,0.006083669313573637
calibrated_multiview,fr::Anatole France,384,325,6.549523809523758,0.006000600667243206
calibrated_multiview,en::R. D. Blackmore,378,322,6.561732909379915,0.006011786508362947
calibrated_multiview,en::Elizabeth von Arnim,360,321,6.953229281823688,0.006370471118424732
calibrated_multiview,en::Benjamin Harrison,398,317,5.7007847707847485,0.005222995425963385
calibrated_multiview,en::Edgar Rice Burroughs,391,317,6.559130666327017,0.00600940236230078
calibrated_multiview,en::F. Scott Fitzgerald,390,316,6.6768398268397835,0.006117246182348653
calibrated_multiview,en::Katherine Mansfield,381,316,6.901551540247143,0.0063231245479557574
calibrated_multiview,de::Karl May,338,315,6.534085993046275,0.005986456711964983
calibrated_multiview,it::Giovanni Pascoli,400,314,6.279999999999954,0.005753665958964915
calibrated_multiview,en::Franklin D. Roosevelt,367,313,7.86737739715999,0.007208003426173529
calibrated_multiview,en::Woodrow Wilson,379,312,6.513434343434305,0.005967535900918986
calibrated_multiview,en::D. H. Lawrence,357,311,7.0223541313758275,0.006433802534632807
calibrated_multiview,es::Miguel de Cervantes,404,305,6.099999999999958,0.005588751966510509
calibrated_multiview,en::George Gissing,350,303,6.083478260869524,0.005573614933386675
calibrated_multiview,en::Joseph Sheridan Le Fanu,346,302,6.124578696343359,0.005611270693973369
calibrated_multiview,ru::Nikolai Leskov,367,297,5.967619047619008,0.005467466014387957
calibrated_multiview,en::W. E. B. Du Bois,373,296,6.326312865878043,0.005796097290153589
calibrated_multiview,de::Friedrich Schiller,324,288,6.169627028997722,0.005652543473925843
calibrated_multiview,it::Emilio Salgari,385,286,5.719999999999966,0.005240600204662319
calibrated_multiview,de::Paul Heyse,297,284,5.8323696610426765,0.00534355203484733
calibrated_multiview,en::Stephen Crane,329,281,5.671428571428539,0.005196099603523828
calibrated_multiview,ru::Ivan Bunin,311,281,5.619999999999968,0.005148981319965426
calibrated_multiview,en::Henry James,367,280,5.6144827586206585,0.005143926484947667
calibrated_multiview,en::Thomas Hardy,353,280,5.691944568256379,0.005214896131001946
calibrated_multiview,zh::Wu Jianren,377,278,5.559999999999969,0.005094009989147291
calibrated_multiview,en::Virginia Woolf,310,277,5.808476317396824,0.0053216612198822046
calibrated_multiview,ru::Alexander Pushkin,351,273,5.4876190476190185,0.005027695367842874
calibrated_multiview,it::Edmondo De Amicis,323,271,5.424999999999972,0.0049703244948064865
calibrated_multiview,it::Giuseppe Giacosa,320,270,5.399999999999973,0.004947419773632263
calibrated_multiview,fr::Honore de Balzac,282,270,5.441904761904733,0.004985812449124294
calibrated_multiview,zh::Li Boyuan,366,268,5.359999999999974,0.004910772219753507
calibrated_multiview,en::Frederick Douglass,332,268,5.61588932806321,0.00514521516818342
calibrated_multiview,ru::Nikolai Gogol,357,267,5.395238095238068,0.004943056969599078
calibrated_multiview,es::Miguel de Unamuno,353,267,5.339999999999974,0.004892448442814128
calibrated_multiview,de::Franz Kafka,304,267,5.795034965034943,0.005309346402760069
calibrated_multiview,fr::Villiers de l'Isle-Adam,337,264,5.375238095238068,0.004924733192659699
calibrated_multiview,de::Wilhelm Hauff,344,263,5.323128836507749,0.004876991270987162
calibrated_multiview,es::Pio Baroja,325,262,5.239999999999976,0.004800829558117236
calibrated_multiview,fr::Gustave Flaubert,300,262,5.285714285714261,0.004842712476835815
calibrated_multiview,en::Margaret Oliphant,276,262,5.359948849104833,0.004910725355873866
calibrated_multiview,de::Adalbert Stifter,300,260,5.36901867246598,0.0049190350268813274
calibrated_multiview,it::Sibilla Aleramo,298,256,5.224999999999975,0.004787086725412701
calibrated_multiview,en::Charles Dickens,330,255,5.205786963433999,0.004769483955594547
calibrated_multiview,de::Johann Wolfgang von Goethe,291,255,5.262425145913497,0.004821375226694855
calibrated_multiview,de::Theodor Fontane,285,255,5.187343199436203,0.004752585984723639
calibrated_multiview,es::Concha Espina,327,254,5.07999999999998,0.004654239342602208
calibrated_multiview,ru::Ivan Goncharov,314,254,5.07999999999998,0.004654239342602208
calibrated_multiview,en::George Meredith,313,249,5.233370900544794,0.00479475605113095
calibrated_multiview,fr::Guy de Maupassant,301,249,4.987619047619029,0.004569600944358413
calibrated_multiview,pl::Boleslaw Prus,325,248,5.051111111111088,0.00462777166480088
calibrated_multiview,en::Sinclair Lewis,288,248,5.162554112554095,0.004729874499795708
calibrated_multiview,en::Stanley J. Weyman,278,247,5.006485390055351,0.004586886076881668
calibrated_multiview,en::Marie Corelli,301,246,4.958377281947245,0.004542809964784244
calibrated_multiview,it::Matilde Serao,308,244,5.039999999999978,0.004617591788723448
calibrated_multiview,it::Italo Svevo,341,241,4.919999999999981,0.004507649127087179
calibrated_multiview,it::Antonio Fogazzaro,290,240,4.819999999999985,0.004416030242390288
calibrated_multiview,en::William Morris,334,239,4.822647058823514,0.004418455448161676
calibrated_multiview,en::E. Phillips Oppenheim,276,239,4.9596237108718215,0.004543951929063481
calibrated_multiview,en::Gertrude Atherton,240,239,7.073750886794338,0.006480891668717638
calibrated_multiview,en::Edith Wharton,299,238,4.797961019490241,0.004395838374248695
calibrated_multiview,fr::Alexandre Dumas,276,237,4.789523809523795,0.004388108296577901
calibrated_multiview,en::Jack London,275,237,4.813095238095224,0.00440970417654217
calibrated_multiview,en::George Eliot,258,237,4.861372241686628,0.004453935028797694
calibrated_multiview,en::Ambrose Bierce,253,237,4.7470270270270145,0.004349173218422287
calibrated_multiview,en::Abraham Lincoln,271,236,5.2472720814280684,0.004807492158015904
calibrated_multiview,ru::Ivan Turgenev,302,235,4.699999999999988,0.004306087580754018
calibrated_multiview,en::Calvin Coolidge,296,233,5.227815220206523,0.004789665998767702
calibrated_multiview,ru::Leo Tolstoy,259,233,4.659999999999989,0.004269440026875261
calibrated_multiview,de::Arthur Schnitzler,282,231,4.915806842496302,0.004503807402948724
calibrated_multiview,pl::Maria Konopnicka,302,229,4.57999999999999,0.004196144919117747
calibrated_multiview,en::Booth Tarkington,245,229,4.603333333333324,0.004217522658880355
calibrated_multiview,fr::Emile Zola,312,228,4.563809523809515,0.004181311385404917
calibrated_multiview,it::Alessandro Manzoni,272,227,4.539999999999991,0.00415949736523899
calibrated_multiview,en::E. M. Forster,244,225,4.694587542087537,0.004301128747179942
calibrated_multiview,de::Clara Viebig,290,224,5.151311558178854,0.004719574196865669
calibrated_multiview,de::Heinrich Heine,249,224,4.846511627906975,0.0044403199001936625
calibrated_multiview,ja::Higuchi Ichiyo,293,223,5.384080408755301,0.004932834421685591
calibrated_multiview,en::Harold Frederic,237,220,4.454454082729938,0.004081121149932439
calibrated_multiview,en::H. G. Wells,278,219,4.675104669887271,0.004283278756963137
calibrated_multiview,fr::Jean Lorrain,277,217,4.34380952380952,0.003979749839071754
calibrated_multiview,en::Bram Stoker,251,216,4.447842042810066,0.00407506327270214
calibrated_multiview,ja::Ryunosuke Akutagawa,242,216,5.743185135298101,0.0052618421670379365
calibrated_multiview,ru::Alexander Kuprin,275,215,4.35523809523809,0.0039902205687513985
calibrated_multiview,es::Jacinto Benavente,273,215,4.299999999999996,0.003939612041966448
calibrated_multiview,en::Anthony Hope,230,215,4.332298850574709,0.0039692038886329165
calibrated_multiview,en::George MacDonald,259,214,4.376470588235289,0.004009673542028778
calibrated_multiview,fr::Emile Gaboriau,257,214,4.2952380952380915,0.003935249237933263
calibrated_multiview,pl::Stefan Zeromski,305,213,4.353333333333333,0.003988475447138128
calibrated_multiview,fr::Andre Gide,257,213,4.290476190476187,0.003930886433900078
calibrated_multiview,fr::George Sand,242,211,4.219999999999998,0.0038663169342089345
calibrated_multiview,ru::Fyodor Dostoevsky,290,210,4.338095238095233,0.003974514474231931
calibrated_multiview,de::Ricarda Huch,211,210,4.319161381254403,0.003957167485764256
calibrated_multiview,it::Luigi Pirandello,252,208,4.159999999999999,0.0038113456033907994
calibrated_multiview,ru::Leonid Andreyev,236,208,4.519047619047608,0.004140301027492972
calibrated_multiview,fr::Stendhal,218,207,4.174285714285713,0.0038244340154903545
calibrated_multiview,de::Wilhelm Raabe,252,205,4.3650208706022635,0.003999183438432456
calibrated_multiview,en::W. W. Jacobs,243,204,4.284272834186626,0.003925202988053807
calibrated_multiview,ja::Arishima Takeo,243,204,4.9368493348756335,0.0045230862997790965
calibrated_multiview,en::Edgar Allan Poe,258,200,4.144994124559342,0.003797597387673064
calibrated_multiview,de::Gustav Meyrink,245,198,4.166457599248301,0.0038172619838002884
calibrated_multiview,it::Alfredo Panzini,236,198,3.965000000000003,0.003632688778231859
calibrated_multiview,es::Vicente Blasco Ibanez,232,198,3.960000000000003,0.0036281078339970145
calibrated_multiview,de::Stefan Zweig,231,198,4.236589147286821,0.003881515725933847
calibrated_multiview,en::Frank R. Stockton,213,198,3.9950000000000023,0.0036601744436409265
calibrated_multiview,en::Theodore Roosevelt,204,197,4.279259259259265,0.003920609606621916
calibrated_multiview,ja::Shimazaki Toson,228,196,5.646122167306362,0.005172914158310201
calibrated_multiview,en::James Baldwin,257,194,4.066761933718457,0.003725921926950699
calibrated_multiview,en::Hamlin Garland,221,194,4.027482589873896,0.0036899346302040545
calibrated_multiview,fr::Romain Rolland,254,193,3.8676190476190504,0.0035434694357532165
calibrated_multiview,es::Eduardo Zamacois,263,192,3.840000000000003,0.003518165172360741
calibrated_multiview,ja::Izumi Kyoka,277,189,5.475192261299046,0.005016310084812849
calibrated_multiview,ru::Maxim Gorky,233,189,3.8904761904761926,0.003564410895112506
calibrated_multiview,en::G. K. Chesterton,232,189,3.803478260869568,0.0034847043622975274
calibrated_multiview,en::Algernon Blackwood,230,189,3.830046598322463,0.003509045976754377
calibrated_multiview,it::Salvatore Farina,251,188,3.765000000000003,0.00344945100883807
calibrated_multiview,en::Richard Harding Davis,212,188,3.907482589873897,0.0035799919685677822
calibrated_multiview,zh::Feng Menglong,276,187,3.740000000000003,0.0034265462876638467
calibrated_multiview,en::Robert Louis Stevenson,213,184,3.71702702702703,0.0034054987060442897
calibrated_multiview,en::Joseph Conrad,202,184,3.883510744627689,0.003558029231311941
calibrated_multiview,en::Alice Brown,198,184,3.7984782608695675,0.003480123418062682
calibrated_multiview,it::Gabriele D'Annunzio,213,183,3.6650000000000027,0.003357832124141176
calibrated_multiview,es::Leopoldo Alas,243,181,3.6200000000000028,0.0033166036260275735
calibrated_multiview,fr::Marcel Schwob,210,181,3.669523809523811,0.003361976787972701
calibrated_multiview,fr::Paul Bourget,198,178,3.5638095238095264,0.003265122538435985
calibrated_multiview,en::L. M. Montgomery,231,177,3.9299411820064027,0.003600568280198208
calibrated_multiview,ru::Anton Chekhov,218,176,4.017142857142856,0.0036804614823952356
calibrated_multiview,en::Samuel Butler,196,176,4.032433363737712,0.003694470474001948
calibrated_multiview,en::O. Henry,200,174,3.6739983155275535,0.0033660762804690256
calibrated_multiview,it::Federico De Roberto,192,174,3.4800000000000026,0.0031883371874519215
calibrated_multiview,en::Mary E. Wilkins Freeman,194,173,3.6592941840767943,0.0033526045192294744
calibrated_multiview,ja::Kunikida Doppo,197,172,4.210437983069559,0.003857556320942738
calibrated_multiview,it::Annie Vivanti,232,171,3.4250000000000025,0.0031379468008686296
calibrated_multiview,en::Lord Dunsany,194,170,3.7533723522853983,0.003438797887685466
calibrated_multiview,de::Theodor Storm,183,170,3.4548898008815954,0.0031653315030744675
calibrated_multiview,en::Mark Twain,202,169,3.4755052878965946,0.003184219182352443
calibrated_multiview,en::John Buchan,194,169,3.652344734968426,0.0033462375114638094
calibrated_multiview,de::Hermann Hesse,192,169,3.9275653302465923,0.003598391551313818
calibrated_multiview,es::Ruben Dario,252,167,3.3400000000000025,0.0030600707488762694
calibrated_multiview,en::Sarah Orne Jewett,173,164,4.237026705178874,0.0038819166115944487
calibrated_multiview,fr::Pierre Loti,170,164,3.2952380952380973,0.003019060390964326
calibrated_multiview,en::Kate Chopin,234,162,3.828135451505018,0.0035072950053553135
calibrated_multiview,en::Arthur Conan Doyle,191,162,3.34137931034483,0.0030613344576307096
calibrated_multiview,ja::Okamoto Kido,244,161,5.199762605815217,0.0047639645063340666
calibrated_multiview,pl::Eliza Orzeszkowa,253,156,3.1622222222222227,0.0028971927316373447
calibrated_multiview,en::Arthur Machen,182,156,3.2310664778898333,0.0029602670708578876
calibrated_multiview,fr::Joris-Karl Huysmans,203,155,3.103809523809526,0.0028436756688302715
calibrated_multiview,en::William Dean Howells,181,150,3.051287878787881,0.0027955559234369783
calibrated_multiview,fr::Alphonse Daudet,175,150,3.000000000000002,0.002748566540906829
calibrated_multiview,de::Gerhart Hauptmann,158,150,3.1990856050774013,0.0029309665518708053
calibrated_multiview,ja::Natsume Soseki,187,149,3.8763995215311002,0.0035515140080225383
calibrated_multiview,de::Jakob Wassermann,171,149,3.2459164410600807,0.002973872441492368
calibrated_multiview,es::Benito Perez Galdos,163,147,2.940000000000002,0.002693595210088692
calibrated_multiview,en::H. Rider Haggard,156,146,3.0344343600225976,0.002780114917512044
calibrated_multiview,en::Mary Roberts Rinehart,186,145,3.12725096867151,0.0028651524591696586
calibrated_multiview,en::Willa Cather,185,145,3.068467324779172,0.0028112955402513047
calibrated_multiview,en::Frank Norris,161,145,2.9254545454545475,0.002680268826860053
calibrated_multiview,es::Emilia Pardo Bazan,188,142,2.840000000000002,0.002601976325391798
calibrated_multiview,en::Owen Wister,148,141,3.094003058242191,0.002834691094449294
calibrated_multiview,fr::Edmond About,170,137,2.7704761904761925,0.0025382793865072906
calibrated_multiview,it::Luigi Capuana,140,132,2.640000000000002,0.0024187385559980095
calibrated_multiview,de::Ludwig Ganghofer,143,129,2.708271306137244,0.002481287965248953
calibrated_multiview,en::Stephen Leacock,136,129,2.628932806324112,0.002408598916584914
calibrated_multiview,en::Israel Zangwill,146,125,2.928915830546267,0.0026834400176572663
calibrated_multiview,fr::Jules Barbey d'Aurevilly,128,125,2.5038095238095255,0.002293962360648906
calibrated_multiview,en::Sax Rohmer,154,124,2.582919081000042,0.0023664416546355085
calibrated_multiview,en::Rudyard Kipling,158,119,2.5044397993311054,0.0022945398120522947
calibrated_multiview,ja::Mori Ogai,123,116,2.6254097218570913,0.0024053711058893
calibrated_multiview,en::P. G. Wodehouse,146,108,2.300818162347399,0.0021079839392462644
calibrated_multiview,de::E. T. A. Hoffmann,135,105,2.2649997714703596,0.0020751675290083464
calibrated_multiview,fr::Octave Feuillet,141,104,2.1257142857142863,0.0019475557204139808
calibrated_multiview,en::Frances Hodgson Burnett,129,103,2.362196716327152,0.002164218285845595
calibrated_multiview,zh::Lu Xun,181,92,1.8400000000000012,0.001685787478422855
calibrated_multiview,de::Hermann Sudermann,112,92,2.1083682983683,0.0019316635202679235
calibrated_multiview,fr::Prosper Merimee,102,92,1.8666666666666671,0.0017102191810086926
calibrated_multiview,en::Jerome K. Jerome,96,91,2.0278965922444194,0.001857936240620662
calibrated_multiview,en::Robert W. Chambers,105,90,1.8254545454545466,0.0016724610951942157
calibrated_multiview,en::Agatha Christie,101,84,1.6816666666666675,0.0015407242443194386
calibrated_multiview,en::E. Nesbit,80,78,1.5916666666666677,0.0014582672480922341
calibrated_multiview,de::Marie von Ebner-Eschenbach,67,66,1.6187430869783805,0.0014830743623976688
calibrated_multiview,en::Arnold Bennett,61,57,1.346956521739131,0.0012340665425694716
calibrated_multiview,en::Gene Stratton-Porter,50,47,1.1921346045259091,0.0010922204287523688
micro_density_0.00025,it::Luigi Capuana,642,589,11.784999999999838,0.010864246149770792
micro_density_0.00025,en::L. M. Montgomery,629,560,15.532221076025273,0.014318699450368998
micro_density_0.00025,ru::Ivan Turgenev,546,458,9.159999999999894,0.008444335573347532
micro_density_0.00025,fr::Octave Feuillet,506,443,8.993333333333233,0.008290690457384153
micro_density_0.00025,de::Arthur Schnitzler,510,440,9.366915476983786,0.008635084888082388
micro_density_0.00025,de::Marie von Ebner-Eschenbach,456,440,9.985409647352117,0.009205256539255906
micro_density_0.00025,es::Benito Perez Galdos,473,437,8.739999999999903,0.00805714988111981
micro_density_0.00025,it::Antonio Fogazzaro,491,436,8.784999999999913,0.008098634062429935
micro_density_0.00025,fr::Guy de Maupassant,495,435,8.722857142857045,0.008041346383477862
micro_density_0.00025,en::Katherine Mansfield,511,434,9.668314222009785,0.008912935558866818
micro_density_0.00025,fr::Paul Bourget,457,425,8.526666666666573,0.007860484132686682
micro_density_0.00025,en::Jack London,476,422,8.665886685777897,0.007988826988571385
micro_density_0.00025,it::Federico De Roberto,460,416,8.32499999999991,0.00767457354237099
micro_density_0.00025,en::Nathaniel Hawthorne,485,415,8.307027027026939,0.007658004785271156
micro_density_0.00025,de::Wilhelm Hauff,504,414,8.401437440808085,0.007745038979112487
micro_density_0.00025,fr::Jean Lorrain,480,408,8.167619047618961,0.007529488654296997
micro_density_0.00025,en::Willa Cather,473,408,9.149908564698578,0.008435032574864887
micro_density_0.00025,en::Sarah Orne Jewett,398,378,11.101777135907511,0.010234403012676984
micro_density_0.00025,ja::Natsume Soseki,445,377,9.99677410824463,0.009215733102726055
micro_density_0.00025,de::Ricarda Huch,375,372,7.583776765869723,0.006991261563794863
micro_density_0.00025,de::Rainer Maria Rilke,381,371,7.964400715563443,0.007342147629129662
micro_density_0.00025,en::Washington Irving,451,368,7.386773618538255,0.006809650135293492
micro_density_0.00025,en::Stephen Crane,412,364,7.345911330049194,0.006771980388972906
micro_density_0.00025,fr::Alphonse Daudet,408,364,7.283809523809457,0.006714730553645465
micro_density_0.00025,it::Alfredo Panzini,411,362,7.239999999999934,0.006674343837449376
micro_density_0.00025,de::Jakob Wassermann,395,362,8.156754496453487,0.0075194729429547405
micro_density_0.00025,en::Elizabeth Cleghorn Gaskell,406,359,7.216666666666601,0.0066528335212145025
micro_density_0.00025,en::D. H. Lawrence,411,358,7.913421325051696,0.007295151222928142
micro_density_0.00025,en::Sinclair Lewis,407,358,7.6076753993132655,0.007013293013635661
micro_density_0.00025,ja::Mori Ogai,385,357,9.036820284978097,0.008330779803754369
micro_density_0.00025,en::F. Scott Fitzgerald,432,352,7.376764069264009,0.006800422625139596
micro_density_0.00025,ru::Ivan Goncharov,424,352,7.039999999999938,0.006489969698293318
micro_density_0.00025,en::Abraham Lincoln,397,349,7.265977421271483,0.0066982916608715574
micro_density_0.00025,de::Stefan Zweig,385,348,7.386511627906921,0.006809408613807896
micro_density_0.00025,en::James Baldwin,416,346,7.141503725033071,0.0065835430079139055
micro_density_0.00025,ru::Alexander Kuprin,424,344,7.0457142857142285,0.006495237530840639
micro_density_0.00025,en::Virginia Woolf,364,334,6.924084207895994,0.00638311032637453
micro_density_0.00025,de::Gerhart Hauptmann,360,334,7.0315697116380615,0.006482198062495527
micro_density_0.00025,ru::Maxim Gorky,407,330,6.82095238095233,0.00628803611731288
micro_density_0.00025,es::Eduardo Zamacois,409,329,6.579999999999948,0.006065909178234385
micro_density_0.00025,en::Edith Wharton,386,327,6.555316091953972,0.006043153806749464
micro_density_0.00025,en::George MacDonald,367,327,6.702598039215629,0.0061789287179474465
micro_density_0.00025,en::Gene Stratton-Porter,336,326,6.865538700429952,0.006329138938671998
micro_density_0.00025,en::James Joyce,413,322,6.777696687370547,0.006248159960974182
micro_density_0.00025,it::Alessandro Manzoni,390,322,6.439999999999951,0.005936847280825145
micro_density_0.00025,fr::Anatole France,376,318,6.405714285714237,0.005905240285541249
micro_density_0.00025,de::Heinrich Heine,347,317,7.022049358150562,0.006473421527601931
micro_density_0.00025,es::Emilia Pardo Bazan,390,315,6.299999999999954,0.005807785383415904
micro_density_0.00025,fr::Marcel Schwob,359,314,6.34857142857138,0.0058525619600680884
micro_density_0.00025,fr::Denis Diderot,350,306,6.211428571428526,0.005726133978932506
micro_density_0.00025,en::Frank Norris,334,305,6.121666666666624,0.005643385109335086
micro_density_0.00025,fr::Emile Gaboriau,351,299,5.999047619047579,0.005530346202590598
micro_density_0.00025,en::Frances Hodgson Burnett,336,293,6.461356450454878,0.005956535166665426
micro_density_0.00025,fr::Gustave Flaubert,336,292,5.900952380952343,0.005439915077195007
micro_density_0.00025,en::R. Austin Freeman,334,292,6.182870456663516,0.005699807089803913
micro_density_0.00025,zh::Li Boyuan,391,291,5.819999999999964,0.005365287449441365
micro_density_0.00025,en::Richard Harding Davis,328,291,5.955472860472825,0.00549017590958483
micro_density_0.00025,de::Thomas Mann,295,289,6.209090909090876,0.005723978956526797
micro_density_0.00025,pl::Maria Konopnicka,376,285,5.699999999999966,0.00525466296594773
micro_density_0.00025,en::Arthur Conan Doyle,323,283,5.746896551724104,0.005297895522715358
micro_density_0.00025,es::Juan Valera,353,279,5.579999999999969,0.005144038482454096
micro_density_0.00025,en::Wilkie Collins,320,273,5.591673747784264,0.005154800168446367
micro_density_0.00025,fr::Edmond About,312,272,5.470476190476162,0.005043071691963873
micro_density_0.00025,en::Thomas Hardy,334,271,5.446509785647689,0.0050209777656692964
micro_density_0.00025,fr::Andre Gide,320,271,5.46952380952378,0.005042193719872653
micro_density_0.00025,en::Hamlin Garland,303,271,5.489890109890083,0.0050609688153618075
micro_density_0.00025,en::Joseph Conrad,284,268,5.651461055186661,0.005209916335120246
micro_density_0.00025,fr::Charles Baudelaire,273,267,5.339999999999974,0.004922789515466826
micro_density_0.00025,zh::Wu Jianren,366,266,5.3199999999999745,0.00490435210155122
micro_density_0.00025,pl::Stefan Zeromski,362,266,5.415555555555545,0.004992441968036908
micro_density_0.00025,fr::Villiers de l'Isle-Adam,343,266,5.422857142857114,0.004999173087402906
micro_density_0.00025,it::Sibilla Aleramo,313,266,5.444999999999969,0.005019585938523754
micro_density_0.00025,en::Ambrose Bierce,290,266,5.334054054054029,0.0049173081221405655
micro_density_0.00025,en::O. Henry,292,264,5.5431182485679935,0.005110038276599904
micro_density_0.00025,ru::Anton Chekhov,329,261,5.717142857142823,0.0052704664635896785
micro_density_0.00025,en::Stephen Leacock,276,261,5.266956521739107,0.004855452873340266
micro_density_0.00025,en::Benjamin Harrison,351,260,4.531588433353145,0.004177538582045264
micro_density_0.00025,it::Giovanni Pascoli,336,260,5.199999999999977,0.004793727618057585
micro_density_0.00025,en::Frank R. Stockton,281,260,5.2299999999999764,0.004821383738930995
micro_density_0.00025,en::Theodore Roosevelt,268,258,5.662512077294675,0.005220103948560045
micro_density_0.00025,fr::George Sand,299,256,5.119999999999979,0.004719977962395163
micro_density_0.00025,en::Elizabeth von Arnim,286,255,5.277199676305616,0.00486489573736748
micro_density_0.00025,en::Henry James,339,252,5.0689655172413595,0.004672930768265686
micro_density_0.00025,it::Salvatore Farina,334,252,5.04999999999998,0.004655447013690543
micro_density_0.00025,de::Adalbert Stifter,298,252,5.155482128450645,0.004752687896837744
micro_density_0.00025,en::George Eliot,271,252,5.104041582150081,0.004705266364628324
micro_density_0.00025,en::Charles Dickens,323,250,5.122225755166911,0.004722029820859538
micro_density_0.00025,en::E. M. Forster,263,250,5.428333333333315,0.005004221426927427
micro_density_0.00025,es::Miguel de Unamuno,335,247,4.939999999999983,0.004554041237154711
micro_density_0.00025,de::E. T. A. Hoffmann,288,247,5.087398779970585,0.004689923853003378
micro_density_0.00025,en::Bram Stoker,281,247,5.044363781940488,0.004650251149426469
micro_density_0.00025,es::Jose Maria de Pereda,332,245,4.8999999999999835,0.004517166409323499
micro_density_0.00025,es::Leopoldo Alas,307,245,4.8999999999999835,0.004517166409323499
micro_density_0.00025,en::Grover Cleveland,339,244,3.408698752228169,0.003142379490422053
micro_density_0.00025,es::Concha Espina,318,244,4.879999999999984,0.004498728995407893
micro_density_0.00025,en::Anthony Hope,264,244,4.933448275862053,0.004548001394665116
micro_density_0.00025,fr::Honore de Balzac,254,242,4.878095238095222,0.004496973051225454
micro_density_0.00025,en::William Morris,330,240,4.8382352941176325,0.00446022733693707
micro_density_0.00025,en::R. D. Blackmore,291,238,4.8717329093799515,0.004491107806825925
micro_density_0.00025,en::G. K. Chesterton,281,238,4.777037037037024,0.004403810457101628
micro_density_0.00025,de::Clara Viebig,306,237,5.3164401247027655,0.004901070356834091
micro_density_0.00025,de::Theodor Fontane,266,235,4.857949260042273,0.004478401064420608
micro_density_0.00025,en::H. G. Wells,301,233,4.887037037037022,0.004505216233637459
micro_density_0.00025,en::Robert Louis Stevenson,259,231,4.680492845786952,0.0043148091963403756
micro_density_0.00025,it::Annie Vivanti,295,230,4.629999999999989,0.0042682613214628205
micro_density_0.00025,en::Herman Melville,287,230,4.614054054054044,0.004253561221178757
micro_density_0.00025,ru::Nikolai Gogol,317,229,4.607619047619037,0.004247628977319166
micro_density_0.00025,en::Stanley J. Weyman,259,229,4.626931637519862,0.004265432688008359
micro_density_0.00025,en::Alice Brown,251,228,4.680144927536223,0.004314488460700502
micro_density_0.00025,fr::Alexandre Dumas,265,226,4.546666666666658,0.00419143876348113
micro_density_0.00025,en::Louisa May Alcott,309,225,4.54499999999999,0.004189902312321496
micro_density_0.00025,en::Israel Zangwill,247,224,4.657555994729898,0.0042936643854974005
micro_density_0.00025,en::Margaret Oliphant,243,223,4.5143137254901875,0.004161613535088238
micro_density_0.00025,en::Mary Wollstonecraft Shelley,293,221,4.419999999999994,0.00407466847534896
micro_density_0.00025,en::Anthony Trollope,250,221,4.462762321144668,0.004114089806095782
micro_density_0.00025,it::Gabriele D'Annunzio,253,216,4.324999999999996,0.003987090759249833
micro_density_0.00025,en::Mark Twain,260,214,4.333983548766153,0.003995372429601467
micro_density_0.00025,en::Booth Tarkington,229,214,4.30333333333333,0.0039671168941745934
micro_density_0.00025,en::William McKinley,306,213,3.5813487819370193,0.0033015404934362423
micro_density_0.00025,zh::Feng Menglong,304,213,4.259999999999997,0.003927169164024114
micro_density_0.00025,en::Edgar Allan Poe,260,212,4.254054054054052,0.003921687770697853
micro_density_0.00025,en::P. G. Wodehouse,259,212,4.305911330049257,0.003969493473800824
micro_density_0.00025,en::Agatha Christie,236,212,4.340740165631466,0.0040016011566922135
micro_density_0.00025,en::Kate Chopin,288,211,5.334257119691888,0.0049174953224014285
micro_density_0.00025,pl::Eliza Orzeszkowa,308,209,4.257777777777772,0.003925120562477932
micro_density_0.00025,en::George Meredith,276,209,4.244999999999998,0.00391334110358741
micro_density_0.00025,fr::Victor Hugo,258,209,4.183809523809523,0.0038569313967265683
micro_density_0.00025,en::E. Phillips Oppenheim,239,209,4.318205187946564,0.003980826821134439
micro_density_0.00025,en::Robert W. Chambers,228,208,4.243939280359817,0.003912363257234689
micro_density_0.00025,en::Jerome K. Jerome,216,207,4.418747637310115,0.004073513958884672
micro_density_0.00025,de::Johann Wolfgang von Goethe,258,206,4.25660504869807,0.003924039457905266
micro_density_0.00025,de::Ludwig Ganghofer,222,206,4.252220936078665,0.003919997872954436
micro_density_0.00025,fr::Stendhal,215,206,4.154285714285713,0.0038297142618987684
micro_density_0.00025,de::Hermann Sudermann,235,203,4.478688601260415,0.004128771777027277
micro_density_0.00025,fr::Jules Barbey d'Aurevilly,207,201,4.023809523809526,0.003709432085401722
micro_density_0.00025,fr::Jules Verne,275,200,4.049523809523811,0.0037331373318646435
micro_density_0.00025,en::Woodrow Wilson,272,200,4.605371102327617,0.0042455566624292895
micro_density_0.00025,en::Marie Corelli,259,200,4.023894523326574,0.003709510443965644
micro_density_0.00025,en::Charles Reade,235,200,4.046928987811342,0.003730745241767144
micro_density_0.00025,en::John Adams,261,199,3.9650505050505083,0.003655263867894978
micro_density_0.00025,en::Sax Rohmer,244,199,4.139992706349528,0.0038165379567278437
micro_density_0.00025,en::Calvin Coolidge,265,198,4.763270385009522,0.004391119384018469
micro_density_0.00025,en::Algernon Blackwood,233,198,3.995135135135138,0.0036829980067633887
micro_density_0.00025,en::Anna Katharine Green,232,198,4.004975604407655,0.003692069647018449
micro_density_0.00025,en::E. Nesbit,209,198,4.862341298939752,0.0044824499563749206
micro_density_0.00025,de::Gustav Meyrink,237,197,4.200848015034065,0.0038726386824867835
micro_density_0.00025,de::Gustav Freytag,198,196,3.9393243707197225,0.0036315476985397184
micro_density_0.00025,en::George Gissing,241,193,3.860000000000003,0.0035584208857119956
micro_density_0.00025,es::Vicente Blasco Ibanez,219,193,3.860000000000003,0.0035584208857119956
micro_density_0.00025,en::Mary E. Wilkins Freeman,215,191,3.8900000000000015,0.0035860770065854032
micro_density_0.00025,en::Harold Frederic,210,191,3.855992544268409,0.0035547265297084024
micro_density_0.00025,en::Mary Roberts Rinehart,245,190,4.0697312058256605,0.0037517659383533375
micro_density_0.00025,de::Wilhelm Raabe,235,188,4.118354203935601,0.003796590055451873
micro_density_0.00025,de::Hermann Hesse,207,188,4.169632513709121,0.003843862026561226
micro_density_0.00025,fr::Joris-Karl Huysmans,243,187,3.7438095238095266,0.0034513082905832356
micro_density_0.00025,ru::Ivan Bunin,202,186,3.720000000000003,0.003429358988302752
micro_density_0.00025,en::Edgar Rice Burroughs,252,185,3.792208760484625,0.0034959261285721446
micro_density_0.00025,de::Karl May,198,185,3.806690880179255,0.0035092767703314067
micro_density_0.00025,fr::Marcel Proust,216,184,3.6876190476190502,0.0033995079372012944
micro_density_0.00025,de::Friedrich Schiller,200,184,3.80857314596029,0.003511011975996613
micro_density_0.00025,it::Edmondo De Amicis,228,183,3.660000000000003,0.0033740467465559337
micro_density_0.00025,de::Heinrich von Kleist,195,182,3.6499224806201576,0.003364756576753496
micro_density_0.00025,de::Gotthold Ephraim Lessing,245,180,3.613341284038961,0.003331033443608712
micro_density_0.00025,en::H. Rider Haggard,190,180,3.6443120949003327,0.0033595845265663653
micro_density_0.00025,de::Friedrich Nietzsche,232,179,3.6007235142118885,0.003319401491359033
micro_density_0.00025,it::Silvio Pellico,239,177,3.5400000000000027,0.0032634222630622965
micro_density_0.00025,es::Pio Baroja,229,177,3.5400000000000027,0.0032634222630622965
micro_density_0.00025,en::Frederick Douglass,238,175,3.609126559714798,0.0033271480127634737
micro_density_0.00025,it::Matilde Serao,228,175,3.62,0.0033371719187247186
micro_density_0.00025,ja::Shimazaki Toson,224,174,5.274636942005355,0.0048625332277149975
micro_density_0.00025,en::Joseph Sheridan Le Fanu,213,174,3.5246740858505587,0.0032492937519218792
micro_density_0.00025,en::William Dean Howells,206,173,3.542201619778348,0.0032654518718192036
micro_density_0.00025,en::John Buchan,195,173,3.7699582641111897,0.0034754140479989083
micro_density_0.00025,fr::Emile Zola,250,170,3.4038095238095263,0.0031378722540179303
micro_density_0.00025,ja::Kunikida Doppo,190,168,4.051854987118146,0.0037352863761755204
micro_density_0.00025,fr::Romain Rolland,216,164,3.2800000000000025,0.003023735882159416
micro_density_0.00025,es::Jacinto Benavente,213,157,3.1400000000000023,0.0028946739847501724
micro_density_0.00025,en::Rudyard Kipling,200,157,3.447046536503061,0.003177731188993181
micro_density_0.00025,de::Ludwig Tieck,242,156,3.1755555555555577,0.0029274516094890276
micro_density_0.00025,fr::Octave Mirbeau,229,153,3.0600000000000023,0.0028209243290877478
micro_density_0.00025,ja::Okamoto Kido,234,150,5.057950864924533,0.004662776683070594
micro_density_0.00025,en::Franklin D. Roosevelt,205,149,2.8311447811447863,0.002609949409248735
micro_density_0.00025,fr::Pierre Loti,154,148,2.963809523809526,0.002732249147874594
micro_density_0.00025,de::Paul Heyse,156,147,2.9588235294117666,0.002727652705749975
micro_density_0.00025,fr::Voltaire,222,142,2.8476190476190495,0.002625136552745834
micro_density_0.00025,ru::Alexander Pushkin,213,141,2.8476190476190495,0.002625136552745834
micro_density_0.00025,en::Samuel Butler,159,141,3.0641861761426994,0.002824783442201075
micro_density_0.00025,it::Vittorio Alfieri,239,140,2.800000000000002,0.002581237948184867
micro_density_0.00025,fr::Gaston Leroux,191,139,2.780000000000002,0.002562800534269261
micro_density_0.00025,en::Arnold Bennett,139,138,2.8116666666666688,0.002591993106302304
micro_density_0.00025,ru::Leonid Andreyev,160,137,2.988571428571429,0.002755076422246295
micro_density_0.00025,de::Theodor Storm,159,136,2.750956072351423,0.0025360257884796725
micro_density_0.00025,ru::Leo Tolstoy,145,130,2.600000000000002,0.0023968638090288053
micro_density_0.00025,ru::Nikolai Leskov,180,125,2.527619047619049,0.002330137930096135
micro_density_0.00025,en::Jane Austen,205,121,2.4864705882352958,0.0022922043712137463
micro_density_0.00025,ja::Higuchi Ichiyo,190,120,2.8385139318885417,0.002616742813372191
micro_density_0.00025,en::W. E. B. Du Bois,184,120,2.3701010101010116,0.0021849266672514327
micro_density_0.00025,en::Owen Wister,135,120,2.4859938533851595,0.0022917648833257484
micro_density_0.00025,en::Arthur Machen,139,114,2.3109215503536005,0.002130370857518184
micro_density_0.00025,it::Giuseppe Giacosa,145,105,2.1000000000000014,0.0019359284611386502
micro_density_0.00025,de::Franz Kafka,120,101,2.216060606060607,0.0020429213328004253
micro_density_0.00025,ja::Ryunosuke Akutagawa,117,101,2.879708495838526,0.0026547188747031293
micro_density_0.00025,en::Lord Dunsany,114,101,2.1858528428093655,0.002015073681074036
micro_density_0.00025,pl::Boleslaw Prus,139,99,2.011111111111111,0.0018539843992915104
micro_density_0.00025,ja::Izumi Kyoka,183,98,2.772781962619423,0.002556146437127058
micro_density_0.00025,ru::Fyodor Dostoevsky,166,96,2.030476190476192,0.0018718364984796382
micro_density_0.00025,en::W. W. Jacobs,123,91,1.8559925442684075,0.0017109851381477829
micro_density_0.00025,es::Ruben Dario,159,89,1.7800000000000011,0.0016409298384889512
micro_density_0.00025,fr::Prosper Merimee,92,81,1.63904761904762,0.0015109899689884883
micro_density_0.00025,es::Miguel de Cervantes,163,75,1.5000000000000009,0.0013828060436704643
micro_density_0.00025,it::Emilio Salgari,156,67,1.3400000000000007,0.0012353067323456147
micro_density_0.00025,en::Gertrude Atherton,66,66,1.5748023715415027,0.0014517641579694458
micro_density_0.00025,it::Italo Svevo,156,65,1.3500000000000005,0.0012445254393034177
micro_density_0.00025,zh::Lu Xun,139,64,1.2800000000000007,0.0011799944905987961
micro_density_0.00025,en::Thomas Jefferson,151,57,0.9753297682709446,0.0008991279320911833
micro_density_0.00025,ja::Arishima Takeo,66,56,1.1625000000000008,0.00107167468384461
micro_density_0.00025,it::Luigi Pirandello,54,43,0.8600000000000004,0.0007928087983710662
micro_density_0.00025,en::Ernest Hemingway,120,21,0.4200000000000001,0.00038718569222772985
micro_density_0.00025,en::Barack Obama,104,4,0.08,7.374965566242472e-05
micro_density_0.0005,it::Luigi Capuana,637,585,11.70499999999984,0.010792675897800776
micro_density_0.0005,en::L. M. Montgomery,627,558,15.49138774269194,0.014283940804275091
micro_density_0.0005,ru::Ivan Turgenev,543,455,9.099999999999895,0.008390717699272727
micro_density_0.0005,es::Benito Perez Galdos,473,438,8.759999999999902,0.00807721835666254
micro_density_0.0005,de::Arthur Schnitzler,505,435,9.266915476983787,0.008544623264878365
micro_density_0.0005,it::Antonio Fogazzaro,490,435,8.764999999999914,0.0080818286411127
micro_density_0.0005,de::Marie von Ebner-Eschenbach,451,435,9.882682374624846,0.00911239537550069
micro_density_0.0005,en::Katherine Mansfield,507,430,9.588314222009787,0.008840971192176578
micro_density_0.0005,fr::Octave Feuillet,493,430,8.729523809523714,0.008049117575252104
micro_density_0.0005,fr::Guy de Maupassant,489,428,8.579047619047525,0.007910369967038072
micro_density_0.0005,fr::Paul Bourget,453,421,8.446666666666575,0.0077883071977864855
micro_density_0.0005,en::Jack London,473,419,8.605886685777898,0.007935117113438786
micro_density_0.0005,en::Nathaniel Hawthorne,484,414,8.287027027026939,0.0076411103681348555
micro_density_0.0005,de::Wilhelm Hauff,502,412,8.361437440808086,0.007709721002851744
micro_density_0.0005,it::Federico De Roberto,456,412,8.244999999999912,0.00760235905829711
micro_density_0.0005,en::Willa Cather,474,409,9.169908564698577,0.008455177373025254
micro_density_0.0005,fr::Jean Lorrain,476,405,8.107619047618963,0.007475686004595374
micro_density_0.0005,en::Sarah Orne Jewett,399,379,11.12177713590751,0.010254911237541424
micro_density_0.0005,de::Ricarda Huch,377,374,7.623776765869722,0.00702955589502066
micro_density_0.0005,de::Rainer Maria Rilke,381,371,7.964400715563443,0.00734363055474498
micro_density_0.0005,ja::Natsume Soseki,435,368,9.732973698128433,0.008974355458839902
micro_density_0.0005,en::Washington Irving,448,365,7.326773618538256,0.006755702096663092
micro_density_0.0005,it::Alfredo Panzini,412,362,7.239999999999934,0.006675691883816999
micro_density_0.0005,en::Stephen Crane,410,362,7.305911330049195,0.0067364658798199605
micro_density_0.0005,de::Jakob Wassermann,394,362,8.156754496453487,0.007520991683737963
micro_density_0.0005,fr::Alphonse Daudet,405,361,7.223809523809458,0.006660763343692705
micro_density_0.0005,en::Elizabeth Cleghorn Gaskell,407,360,7.236666666666601,0.0066726183608502325
micro_density_0.0005,en::D. H. Lawrence,410,357,7.893421325051697,0.007278183518673496
micro_density_0.0005,en::Sinclair Lewis,405,356,7.567675399313266,0.006977827243447182
micro_density_0.0005,ja::Mori Ogai,380,352,8.92824885640667,0.008232353373952065
micro_density_0.0005,en::F. Scott Fitzgerald,430,350,7.33676406926401,0.006764913860589279
micro_density_0.0005,ru::Ivan Goncharov,421,349,6.979999999999939,0.006435957092409209
micro_density_0.0005,en::Abraham Lincoln,397,349,7.265977421271483,0.006699644544085642
micro_density_0.0005,en::James Baldwin,417,347,7.146554230083576,0.006589529567821465
micro_density_0.0005,de::Stefan Zweig,382,346,7.346511627906922,0.006773901664196946
micro_density_0.0005,ru::Alexander Kuprin,420,340,6.96571428571423,0.006422784851123071
micro_density_0.0005,en::Virginia Woolf,364,334,6.924917541229328,0.006385167931779974
micro_density_0.0005,de::Gerhart Hauptmann,357,332,6.991569711638062,0.006446625024740801
micro_density_0.0005,es::Eduardo Zamacois,408,328,6.559999999999948,0.006048693198596625
micro_density_0.0005,ru::Maxim Gorky,405,328,6.780952380952331,0.006252423863822299
micro_density_0.0005,en::Edith Wharton,386,327,6.555316091953972,0.006044374368910566
micro_density_0.0005,en::George MacDonald,366,326,6.6825980392156294,0.00616173556535961
micro_density_0.0005,en::Gene Stratton-Porter,335,325,6.845538700429953,0.006311976124698317
micro_density_0.0005,fr::Anatole France,380,322,6.485714285714235,0.005980197543908685
micro_density_0.0005,en::James Joyce,412,321,6.757696687370547,0.006230980791322789
micro_density_0.0005,it::Alessandro Manzoni,387,319,6.379999999999952,0.005882722958391233
micro_density_0.0005,de::Heinrich Heine,344,314,6.962049358150563,0.006419405579411531
micro_density_0.0005,es::Emilia Pardo Bazan,388,313,6.2599999999999545,0.005772076131587637
micro_density_0.0005,fr::Marcel Schwob,351,306,6.188571428571383,0.005706214925156924
micro_density_0.0005,fr::Denis Diderot,348,304,6.171428571428526,0.005690408235613553
micro_density_0.0005,en::Frank Norris,332,304,6.101666666666625,0.0056260837906662265
micro_density_0.0005,fr::Emile Gaboriau,349,297,5.95904761904758,0.005494580915159573
micro_density_0.0005,en::Frances Hodgson Burnett,336,293,6.397749984457109,0.005899089453857879
micro_density_0.0005,en::R. Austin Freeman,334,292,6.182870456663516,0.005700958304729408
micro_density_0.0005,zh::Li Boyuan,391,291,5.819999999999964,0.005366371099974454
micro_density_0.0005,en::Richard Harding Davis,328,291,5.955472860472825,0.005491284784385526
micro_density_0.0005,de::Thomas Mann,296,290,6.229090909090876,0.005743576191350358
micro_density_0.0005,fr::Gustave Flaubert,333,289,5.840952380952344,0.0053856903871941295
micro_density_0.0005,pl::Maria Konopnicka,375,284,5.679999999999967,0.00523728313537026
micro_density_0.0005,en::Arthur Conan Doyle,323,283,5.746896551724104,0.005298965561806747
micro_density_0.0005,es::Juan Valera,358,282,5.639999999999968,0.0052004008597690615
micro_density_0.0005,fr::Charles Baudelaire,281,274,5.479999999999971,0.005052871757364267
micro_density_0.0005,en::Wilkie Collins,320,273,5.591673747784264,0.005155841305944245
micro_density_0.0005,en::Hamlin Garland,304,272,5.509890109890082,0.005080432139132197
micro_density_0.0005,en::Thomas Hardy,334,271,5.446509785647689,0.005021991874472165
micro_density_0.0005,fr::Edmond About,310,270,5.4304761904761625,0.005007207987572307
micro_density_0.0005,it::Sibilla Aleramo,316,268,5.484999999999968,0.005057482041814415
micro_density_0.0005,fr::Andre Gide,316,267,5.389523809523782,0.004969447562552032
micro_density_0.0005,pl::Stefan Zeromski,362,266,5.415555555555545,0.00499345031334013
micro_density_0.0005,en::Ambrose Bierce,290,266,5.334054054054029,0.004918301292332868
micro_density_0.0005,zh::Wu Jianren,365,265,5.299999999999975,0.004886901517158875
micro_density_0.0005,en::Joseph Conrad,281,265,5.591461055186662,0.0051556451912691675
micro_density_0.0005,en::O. Henry,292,264,5.5431182485679935,0.005111070373343038
micro_density_0.0005,fr::Villiers de l'Isle-Adam,340,263,5.3628571428571155,0.004944859378817899
micro_density_0.0005,en::Frank R. Stockton,282,261,5.249999999999976,0.004840798672657376
micro_density_0.0005,en::Benjamin Harrison,351,260,4.531588433353145,0.0041783823377534324
micro_density_0.0005,en::Stephen Leacock,275,260,5.246956521739107,0.004837992412557285
micro_density_0.0005,it::Giovanni Pascoli,335,259,5.1799999999999775,0.004776254690355279
micro_density_0.0005,ru::Anton Chekhov,324,259,5.677142857142823,0.00523464868711303
micro_density_0.0005,en::Theodore Roosevelt,269,259,5.682512077294675,0.0052395994135481325
micro_density_0.0005,en::Elizabeth von Arnim,286,255,5.277199676305616,0.0048658783216015775
micro_density_0.0005,en::Henry James,340,253,5.088965517241359,0.00469231571829738
micro_density_0.0005,de::Adalbert Stifter,299,253,5.1754821284506445,0.004772088955764946
micro_density_0.0005,en::George Eliot,271,252,5.104041582150081,0.004706216707821005
micro_density_0.0005,en::E. M. Forster,265,252,5.468333333333314,0.0050421144269805936
micro_density_0.0005,it::Salvatore Farina,332,250,5.009999999999981,0.004619505019050185
micro_density_0.0005,en::Charles Dickens,323,250,5.122225755166911,0.00472298354984067
micro_density_0.0005,de::E. T. A. Hoffmann,291,250,5.147398779970584,0.004746194510803793
micro_density_0.0005,fr::George Sand,290,248,4.959999999999982,0.004573402174548688
micro_density_0.0005,en::Bram Stoker,282,248,5.064363781940488,0.004669631518756517
micro_density_0.0005,es::Jose Maria de Pereda,333,246,4.919999999999983,0.0045365198989474895
micro_density_0.0005,es::Concha Espina,320,246,4.919999999999983,0.0045365198989474895
micro_density_0.0005,es::Miguel de Unamuno,333,245,4.8999999999999835,0.00451807876114689
micro_density_0.0005,es::Leopoldo Alas,307,245,4.8999999999999835,0.00451807876114689
micro_density_0.0005,en::Grover Cleveland,339,244,3.408698752228169,0.003143014170528581
micro_density_0.0005,en::Anthony Hope,264,244,4.933448275862053,0.004548919974365134
micro_density_0.0005,fr::Honore de Balzac,254,242,4.878095238095222,0.004497881324508138
micro_density_0.0005,en::William Morris,330,240,4.8382352941176325,0.004461128188527393
micro_density_0.0005,de::Clara Viebig,309,240,5.423106791369431,0.005000412982350565
micro_density_0.0005,en::G. K. Chesterton,282,239,4.797037037037024,0.004423141051728991
micro_density_0.0005,en::R. D. Blackmore,291,238,4.8717329093799515,0.004492014895479588
micro_density_0.0005,en::H. G. Wells,301,233,4.887037037037022,0.004506126171831688
micro_density_0.0005,de::Theodor Fontane,263,233,4.8179492600422735,0.004442423311036826
micro_density_0.0005,en::Robert Louis Stevenson,261,233,4.720492845786951,0.004352562952795089
micro_density_0.0005,fr::Alexandre Dumas,270,230,4.626666666666656,0.004266049877872034
micro_density_0.0005,ru::Nikolai Gogol,317,229,4.607619047619037,0.004248486889490511
micro_density_0.0005,en::Stanley J. Weyman,259,229,4.626931637519862,0.004266294196072889
micro_density_0.0005,it::Annie Vivanti,292,228,4.58999999999999,0.004232241125237602
micro_density_0.0005,en::Herman Melville,285,228,4.574054054054045,0.004217538055910098
micro_density_0.0005,en::Alice Brown,250,227,4.660144927536224,0.00429691873897304
micro_density_0.0005,en::Louisa May Alcott,310,226,4.56499999999999,0.004209189702986852
micro_density_0.0005,en::Israel Zangwill,247,224,4.657555994729898,0.004294531595641142
micro_density_0.0005,en::Margaret Oliphant,243,223,4.5143137254901875,0.004162454074345138
micro_density_0.0005,en::Mary Wollstonecraft Shelley,293,221,4.419999999999994,0.004075491453932508
micro_density_0.0005,en::Anthony Trollope,250,221,4.462762321144668,0.00411492074677763
micro_density_0.0005,fr::Victor Hugo,270,220,4.403809523809518,0.004060562913808214
micro_density_0.0005,en::Mark Twain,262,216,4.3739835487661525,0.004033061668017617
micro_density_0.0005,it::Gabriele D'Annunzio,250,214,4.284999999999997,0.003951013773778464
micro_density_0.0005,en::William McKinley,306,213,3.5813487819370193,0.0033022073199855074
micro_density_0.0005,zh::Feng Menglong,304,213,4.259999999999997,0.003927962351527715
micro_density_0.0005,en::P. G. Wodehouse,260,213,4.325911330049257,0.003988736347530675
micro_density_0.0005,en::Booth Tarkington,228,213,4.2833333333333306,0.0039494770122950815
micro_density_0.0005,en::Edgar Allan Poe,260,212,4.254054054054052,0.00392247985110051
micro_density_0.0005,en::Agatha Christie,236,212,4.340740165631466,0.004002409377550373
micro_density_0.0005,en::Kate Chopin,288,211,5.334257119691888,0.004918488530403385
micro_density_0.0005,en::George Meredith,278,210,4.264999999999998,0.0039325726359778655
micro_density_0.0005,pl::Eliza Orzeszkowa,308,209,4.257777777777772,0.003925913336216534
micro_density_0.0005,en::E. Phillips Oppenheim,239,209,4.318205187946564,0.003981630846109337
micro_density_0.0005,en::Robert W. Chambers,229,209,4.263939280359817,0.0039315945921252465
micro_density_0.0005,fr::Stendhal,218,209,4.214285714285712,0.003885811179412059
micro_density_0.0005,de::Johann Wolfgang von Goethe,260,208,4.296605048698069,0.003961714288889655
micro_density_0.0005,en::Jerome K. Jerome,216,207,4.418747637310115,0.004074336704285489
micro_density_0.0005,fr::Jules Barbey d'Aurevilly,213,207,4.143809523809524,0.0038208281224004245
micro_density_0.0005,de::Ludwig Ganghofer,221,205,4.2299987138564425,0.0039002994589292894
micro_density_0.0005,fr::Jules Verne,279,204,4.12952380952381,0.003807655881114282
micro_density_0.0005,en::Charles Reade,237,202,4.0869289878113415,0.0037683810322747023
micro_density_0.0005,de::Hermann Sudermann,233,202,4.412021934593749,0.004068135223755571
micro_density_0.0005,en::Marie Corelli,260,201,4.043894523326574,0.0037287008077877717
micro_density_0.0005,en::Woodrow Wilson,272,200,4.605371102327617,0.004246414156046147
micro_density_0.0005,de::Gustav Freytag,202,200,4.021546592941945,0.0037080947445987146
micro_density_0.0005,en::John Adams,261,199,3.9650505050505083,0.003656002137498676
micro_density_0.0005,en::Algernon Blackwood,234,199,4.015135135135138,0.003702183015752811
micro_density_0.0005,en::Anna Katharine Green,233,199,4.024975604407655,0.003711256488246664
micro_density_0.0005,en::Calvin Coolidge,265,198,4.763270385009522,0.004392006277573789
micro_density_0.0005,en::Sax Rohmer,243,198,4.119992706349528,0.003798867661762849
micro_density_0.0005,en::E. Nesbit,209,198,4.862341298939752,0.004483355296364724
micro_density_0.0005,de::Gustav Meyrink,235,196,4.178625792811843,0.00385293070311915
micro_density_0.0005,en::George Gissing,241,193,3.860000000000003,0.003559139595515728
micro_density_0.0005,en::Mary Roberts Rinehart,247,192,4.10973120582566,0.00378940597450277
micro_density_0.0005,en::Harold Frederic,211,192,3.875992544268409,0.0035738856311475216
micro_density_0.0005,fr::Joris-Karl Huysmans,247,190,3.8076190476190503,0.0035108413774665383
micro_density_0.0005,de::Wilhelm Raabe,237,190,4.1583542039356,0.0038342391449239554
micro_density_0.0005,en::Mary E. Wilkins Freeman,214,190,3.8700000000000014,0.0035683601644160264
micro_density_0.0005,ru::Ivan Bunin,207,190,3.800000000000003,0.0035038161821139293
micro_density_0.0005,es::Vicente Blasco Ibanez,215,189,3.780000000000003,0.0034853750443133297
micro_density_0.0005,de::Hermann Hesse,207,188,4.169632513709121,0.0038446383881585223
micro_density_0.0005,fr::Marcel Proust,219,187,3.751428571428574,0.003459030561741044
micro_density_0.0005,it::Edmondo De Amicis,232,186,3.720000000000003,0.003430051630911531
micro_density_0.0005,en::Edgar Rice Burroughs,251,185,3.792208760484625,0.003496632216036901
micro_density_0.0005,de::Friedrich Schiller,201,185,3.82857314596029,0.0035301622482164442
micro_density_0.0005,de::Karl May,198,185,3.806690880179255,0.0035099855542835737
micro_density_0.0005,de::Heinrich von Kleist,195,182,3.6499224806201576,0.003365436171331135
micro_density_0.0005,en::H. Rider Haggard,191,181,3.6643120949003327,0.0033787042143230443
micro_density_0.0005,de::Gotthold Ephraim Lessing,246,180,3.613341284038961,0.003331706226977901
micro_density_0.0005,it::Silvio Pellico,243,180,3.6000000000000028,0.0033194048041079328
micro_density_0.0005,de::Friedrich Nietzsche,231,178,3.5807235142118885,0.003301630787571437
micro_density_0.0005,es::Pio Baroja,229,177,3.5400000000000027,0.003264081390706134
micro_density_0.0005,it::Matilde Serao,228,175,3.62,0.00333784594190853
micro_density_0.0005,en::Joseph Sheridan Le Fanu,214,175,3.5446740858505588,0.0032683911637692306
micro_density_0.0005,ja::Shimazaki Toson,223,174,5.241759819128232,0.004833200757109492
micro_density_0.0005,en::William Dean Howells,207,174,3.562201619778348,0.0032845525471925834
micro_density_0.0005,en::John Buchan,196,174,3.7899582641111897,0.0034945571303497875
micro_density_0.0005,en::Frederick Douglass,236,173,3.5840760546642927,0.0033047220205946804
micro_density_0.0005,fr::Emile Zola,249,169,3.3838095238095263,0.0031200648859776416
micro_density_0.0005,fr::Romain Rolland,223,169,3.3800000000000026,0.003116552288301337
micro_density_0.0005,ja::Kunikida Doppo,191,166,4.009127714390874,0.0036966438320642538
micro_density_0.0005,de::Ludwig Tieck,249,163,3.320505050505053,0.0030616945601975327
micro_density_0.0005,en::Rudyard Kipling,200,157,3.447046536503061,0.0031783730092366284
micro_density_0.0005,fr::Octave Mirbeau,231,155,3.1000000000000023,0.002858376359092942
micro_density_0.0005,es::Jacinto Benavente,211,155,3.1000000000000023,0.002858376359092942
micro_density_0.0005,ja::Okamoto Kido,235,151,5.077950864924532,0.004682159582237365
micro_density_0.0005,fr::Pierre Loti,155,148,2.9676190476190496,0.002736313589841354
micro_density_0.0005,en::Franklin D. Roosevelt,203,147,2.765690235690241,0.002550123737506828
micro_density_0.0005,de::Paul Heyse,156,147,2.9588235294117666,0.0027282036216769445
micro_density_0.0005,ru::Alexander Pushkin,217,144,2.9076190476190495,0.002680990176439555
micro_density_0.0005,fr::Voltaire,223,143,2.8676190476190495,0.002644107900838356
micro_density_0.0005,fr::Gaston Leroux,197,142,2.840000000000002,0.002618641567685147
micro_density_0.0005,en::Samuel Butler,159,141,3.0641861761426994,0.002825353976046996
micro_density_0.0005,ru::Leonid Andreyev,162,139,3.028571428571429,0.0027925151526622272
micro_density_0.0005,it::Vittorio Alfieri,237,138,2.760000000000002,0.0025448770164827484
micro_density_0.0005,en::Arnold Bennett,139,138,2.8116666666666688,0.002592516622467631
micro_density_0.0005,de::Theodor Storm,160,137,2.770956072351423,0.0025549791384820433
micro_density_0.0005,ru::Leo Tolstoy,146,131,2.620000000000002,0.002415789051878551
micro_density_0.0005,ru::Nikolai Leskov,181,126,2.5476190476190492,0.0023490496960287617
micro_density_0.0005,en::Jane Austen,205,121,2.4864705882352958,0.002292667337739253
micro_density_0.0005,en::Owen Wister,136,121,2.5059938533851596,0.0023106688988865677
micro_density_0.0005,ja::Higuchi Ichiyo,189,119,2.8091021671826595,0.002590152008048922
micro_density_0.0005,en::W. E. B. Du Bois,183,119,2.3501010101010116,0.0021669268286300548
micro_density_0.0005,en::Arthur Machen,140,115,2.3309215503536005,0.0021492422756229017
micro_density_0.0005,ja::Ryunosuke Akutagawa,124,108,3.062305898435929,0.0028236202530322984
micro_density_0.0005,it::Giuseppe Giacosa,145,105,2.1000000000000014,0.0019363194690629607
micro_density_0.0005,ja::Izumi Kyoka,188,103,2.941858273305641,0.002712560690393168
micro_density_0.0005,de::Franz Kafka,123,103,2.302727272727274,0.0021232455476781296
micro_density_0.0005,en::Lord Dunsany,114,101,2.1858528428093655,0.002015480674303996
micro_density_0.0005,ru::Fyodor Dostoevsky,170,100,2.110476190476192,0.0019459791126727986
micro_density_0.0005,pl::Boleslaw Prus,140,99,2.011111111111111,0.0018543588566158498
micro_density_0.0005,es::Ruben Dario,162,91,1.8200000000000012,0.0016781435398545658
micro_density_0.0005,en::W. W. Jacobs,124,91,1.8559925442684075,0.001711330713286959
micro_density_0.0005,fr::Prosper Merimee,90,79,1.5952380952380962,0.0014709002769525891
micro_density_0.0005,es::Miguel de Cervantes,163,75,1.5000000000000009,0.0013830853350449718
micro_density_0.0005,it::Emilio Salgari,162,73,1.4600000000000009,0.0013462030594437726
micro_density_0.0005,en::Gertrude Atherton,71,71,1.7638633829938186,0.001626382385361041
micro_density_0.0005,it::Italo Svevo,158,67,1.3900000000000003,0.0012816590771416734
micro_density_0.0005,zh::Lu Xun,140,64,1.2800000000000007,0.001180232819238376
micro_density_0.0005,en::Thomas Jefferson,151,57,0.9753297682709446,0.0008993095328855689
micro_density_0.0005,ja::Arishima Takeo,69,57,1.1825000000000008,0.001090332272460453
micro_density_0.0005,it::Luigi Pirandello,58,47,0.9400000000000005,0.0008667334766281823
micro_density_0.0005,en::Ernest Hemingway,120,21,0.4200000000000001,0.00038726389381259197
micro_density_0.0005,en::Barack Obama,104,4,0.08,7.376455120239846e-05
micro_density_0.001,it::Luigi Capuana,624,573,11.464999999999845,0.010570436719501395
micro_density_0.001,en::L. M. Montgomery,624,555,15.431387742691939,0.014227344756059032
micro_density_0.001,ru::Ivan Turgenev,540,454,9.079999999999895,0.008371527729007663
micro_density_0.001,es::Benito Perez Galdos,475,440,8.799999999999901,0.008113374891549278
micro_density_0.001,it::Antonio Fogazzaro,489,436,8.784999999999913,0.008099545275256876
micro_density_0.001,de::Arthur Schnitzler,497,428,9.12691547698379,0.008414782598665184
micro_density_0.001,de::Marie von Ebner-Eschenbach,441,426,9.693270609918967,0.008936947543580681
micro_density_0.001,en::Katherine Mansfield,500,424,9.44400262780689,0.008707128840474396
micro_density_0.001,fr::Paul Bourget,454,422,8.466666666666574,0.007806050085051203
micro_density_0.001,fr::Guy de Maupassant,480,420,8.419047619047529,0.007762146541265764
micro_density_0.001,en::Jack London,468,415,8.507425147316363,0.00784362836158776
micro_density_0.001,en::Nathaniel Hawthorne,482,412,8.24702702702694,0.007603547955796526
micro_density_0.001,en::Willa Cather,474,409,9.169908564698577,0.008454421125753292
micro_density_0.001,de::Wilhelm Hauff,496,406,8.219215218585866,0.007577906179853981
micro_density_0.001,it::Federico De Roberto,443,403,8.064999999999916,0.007435723693221021
micro_density_0.001,fr::Octave Feuillet,463,401,8.149523809523721,0.007513652483440174
micro_density_0.001,fr::Jean Lorrain,457,386,7.727619047618971,0.007124667085501184
micro_density_0.001,en::Sarah Orne Jewett,398,378,11.101777135907513,0.010235554530232829
micro_density_0.001,de::Rainer Maria Rilke,387,376,8.06440071556344,0.0074351711683005904
micro_density_0.001,de::Ricarda Huch,379,376,7.683776765869721,0.007084245623236116
micro_density_0.001,de::Jakob Wassermann,404,372,8.386166261159367,0.007731830770414644
micro_density_0.001,it::Alfredo Panzini,418,369,7.379999999999931,0.006804171215867476
micro_density_0.001,en::Washington Irving,446,363,7.286773618538257,0.006718218876937801
micro_density_0.001,en::Elizabeth Cleghorn Gaskell,407,360,7.236666666666601,0.0066720215490733035
micro_density_0.001,fr::Alphonse Daudet,403,359,7.183809523809459,0.006623288615471466
micro_density_0.001,en::D. H. Lawrence,411,358,7.913421325051696,0.00729597203237793
micro_density_0.001,en::Stephen Crane,405,358,7.225911330049197,0.006662105403839008
micro_density_0.001,ja::Natsume Soseki,422,356,9.349584455791828,0.008620077701141102
micro_density_0.001,en::Sinclair Lewis,403,354,7.527675399313267,0.00694032415642297
micro_density_0.001,en::Abraham Lincoln,396,348,7.245977421271483,0.006680605826645194
micro_density_0.001,en::F. Scott Fitzgerald,427,347,7.2767640692640105,0.006708990328556278
micro_density_0.001,ru::Ivan Goncharov,415,344,6.879999999999941,0.006343184006120363
micro_density_0.001,en::James Baldwin,412,342,7.046554230083578,0.006496742745716035
micro_density_0.001,ja::Mori Ogai,365,337,8.553019874861906,0.00788566553404856
micro_density_0.001,de::Stefan Zweig,369,335,7.126511627906926,0.006570461421158487
micro_density_0.001,ru::Alexander Kuprin,414,334,6.845714285714233,0.0063115734545948505
micro_density_0.001,en::Virginia Woolf,362,332,6.884917541229329,0.006347717853340666
micro_density_0.001,fr::Anatole France,386,328,6.605714285714233,0.006090299593916232
micro_density_0.001,en::Edith Wharton,386,327,6.555316091953972,0.006043833748480556
micro_density_0.001,en::Gene Stratton-Porter,333,323,6.8055387004299535,0.0062745325926745355
micro_density_0.001,en::George MacDonald,362,322,6.602598039215631,0.0060874264943596825
micro_density_0.001,de::Gerhart Hauptmann,347,322,6.742157946932181,0.00621609715926132
micro_density_0.001,en::James Joyce,412,321,6.757696687370547,0.006230423480456653
micro_density_0.001,es::Eduardo Zamacois,400,321,6.419999999999951,0.005919075773153018
micro_density_0.001,ru::Maxim Gorky,397,320,6.593333333333287,0.006078884672532023
micro_density_0.001,it::Alessandro Manzoni,385,319,6.379999999999952,0.005882196796373249
micro_density_0.001,fr::Denis Diderot,348,306,6.21523809523805,0.005730290534875628
micro_density_0.001,de::Heinrich Heine,335,305,6.782049358150567,0.006252876019962197
micro_density_0.001,es::Emilia Pardo Bazan,377,303,6.059999999999959,0.005587164982135097
micro_density_0.001,en::Frank Norris,331,303,6.081666666666625,0.005607141094557472
micro_density_0.001,fr::Emile Gaboriau,344,293,5.879047619047582,0.005420331515750427
micro_density_0.001,en::Frances Hodgson Burnett,337,293,6.397749984457109,0.005898561827989169
micro_density_0.001,en::Richard Harding Davis,330,293,5.995472860472824,0.005527672610127942
micro_density_0.001,en::R. Austin Freeman,334,292,6.189897483690543,0.005706927139254486
micro_density_0.001,zh::Li Boyuan,391,291,5.819999999999964,0.005365891121456482
micro_density_0.001,fr::Marcel Schwob,334,289,5.848571428571391,0.005392233247727744
micro_density_0.001,fr::Gustave Flaubert,333,289,5.840952380952344,0.005385208680722075
micro_density_0.001,de::Thomas Mann,294,286,6.129090909090878,0.0056508650329365265
micro_density_0.001,fr::Charles Baudelaire,293,286,5.719999999999966,0.005273693679507059
micro_density_0.001,es::Juan Valera,361,285,5.699999999999966,0.005255254191117175
micro_density_0.001,en::Arthur Conan Doyle,323,284,5.766896551724104,0.005316931100559203
micro_density_0.001,pl::Maria Konopnicka,374,283,5.659999999999967,0.005218375214337405
micro_density_0.001,fr::Edmond About,316,275,5.53047619047616,0.0050989575752410105
micro_density_0.001,en::Thomas Hardy,336,272,5.4665097856476885,0.005039982186282146
micro_density_0.001,it::Sibilla Aleramo,320,272,5.564999999999967,0.0051307876444854515
micro_density_0.001,en::Wilkie Collins,319,272,5.571673747784264,0.005136940669224731
micro_density_0.001,en::Hamlin Garland,304,272,5.509890109890082,0.005079977735542999
micro_density_0.001,en::Ambrose Bierce,291,267,5.3540540540540285,0.004936300878427281
micro_density_0.001,pl::Stefan Zeromski,362,266,5.415555555555545,0.004993003689572166
micro_density_0.001,fr::Andre Gide,314,265,5.3457142857142586,0.004928611825353505
micro_density_0.001,en::O. Henry,293,265,5.563118248567993,0.005129052717801326
micro_density_0.001,en::Joseph Conrad,282,265,5.591461055186662,0.005155184060480411
micro_density_0.001,zh::Wu Jianren,363,263,5.259999999999976,0.004849585446539715
micro_density_0.001,en::Frank R. Stockton,284,263,5.289999999999975,0.0048772446791245415
micro_density_0.001,en::Benjamin Harrison,351,260,4.531588433353145,0.004178008615227608
micro_density_0.001,fr::Villiers de l'Isle-Adam,336,259,5.279047619047594,0.00486714686405389
micro_density_0.001,de::E. T. A. Hoffmann,302,259,5.3390327668986854,0.0049224516359221765
micro_density_0.001,en::Stephen Leacock,274,259,5.2034782608695425,0.004797473848916128
micro_density_0.001,en::Theodore Roosevelt,269,259,5.682512077294675,0.005239130773732803
micro_density_0.001,it::Giovanni Pascoli,334,258,5.159999999999978,0.004757388004590292
micro_density_0.001,ru::Anton Chekhov,323,258,5.657142857142823,0.005215741001710278
micro_density_0.001,en::Henry James,343,256,5.148965517241358,0.004747214493754494
micro_density_0.001,en::Charles Dickens,328,255,5.2222257551669085,0.004814758559087914
micro_density_0.001,en::Elizabeth von Arnim,286,255,5.277199676305616,0.0048654431081170966
micro_density_0.001,de::Adalbert Stifter,300,254,5.195482128450644,0.004790101619371015
micro_density_0.001,en::George Eliot,273,254,5.14404158215008,0.004742674751557085
micro_density_0.001,en::E. M. Forster,266,253,5.488333333333314,0.005060102938990905
micro_density_0.001,it::Salvatore Farina,332,251,5.029999999999981,0.004637531330056043
micro_density_0.001,es::Jose Maria de Pereda,337,250,4.999999999999981,0.004609872097471216
micro_density_0.001,en::Bram Stoker,283,249,5.084363781940487,0.004687653346352153
micro_density_0.001,es::Concha Espina,322,247,4.939999999999983,0.004554553632301562
micro_density_0.001,fr::Victor Hugo,296,246,4.9276190476190305,0.004543138710917348
micro_density_0.001,en::Grover Cleveland,339,244,3.408698752228169,0.0031427330533163288
micro_density_0.001,es::Leopoldo Alas,307,244,4.879999999999984,0.004499235167131909
micro_density_0.001,es::Miguel de Unamuno,331,243,4.859999999999984,0.0044807956787420245
micro_density_0.001,de::Clara Viebig,311,242,5.52326183012912,0.0050923061195480256
micro_density_0.001,en::R. D. Blackmore,295,242,4.95173290937995,0.0045653710746161365
micro_density_0.001,en::Anthony Hope,262,242,4.893448275862053,0.004511634133463039
micro_density_0.001,en::William Morris,330,240,4.8382352941176325,0.00446072917667068
micro_density_0.001,en::G. K. Chesterton,282,239,4.797037037037024,0.004422745437514611
micro_density_0.001,fr::Honore de Balzac,249,237,4.778095238095224,0.004405281583431068
micro_density_0.001,en::Robert Louis Stevenson,264,236,4.7804928457869496,0.004407492116390822
micro_density_0.001,fr::George Sand,274,234,4.679999999999988,0.004314840283233063
micro_density_0.001,ru::Nikolai Gogol,321,233,4.687619047619036,0.0043218648502387335
micro_density_0.001,en::H. G. Wells,301,233,4.887037037037022,0.004505723135269091
micro_density_0.001,de::Theodor Fontane,261,232,4.797949260042274,0.004423586483790326
micro_density_0.001,fr::Alexandre Dumas,271,231,4.646666666666656,0.004284107802583256
micro_density_0.001,en::Stanley J. Weyman,260,230,4.646931637519861,0.004284352098931823
micro_density_0.001,en::Louisa May Alcott,313,229,4.6249999999999885,0.00426413169016088
micro_density_0.001,en::Herman Melville,284,227,4.5540540540540455,0.004198721342831899
micro_density_0.001,en::Alice Brown,250,227,4.660144927536224,0.004296534414324268
micro_density_0.001,en::Anthony Trollope,254,225,4.542762321144665,0.004188310653937689
micro_density_0.001,en::Israel Zangwill,246,223,4.637555994729898,0.004275707996113162
micro_density_0.001,en::Margaret Oliphant,243,223,4.5143137254901875,0.004162081776473725
micro_density_0.001,it::Annie Vivanti,285,221,4.434999999999993,0.004088956550456977
micro_density_0.001,fr::Jules Barbey d'Aurevilly,227,221,4.427619047619041,0.004082151501170235
micro_density_0.001,en::Mark Twain,265,219,4.433983548766151,0.004088019408420712
micro_density_0.001,en::Mary Wollstonecraft Shelley,290,218,4.359999999999995,0.00401980846899491
micro_density_0.001,en::Booth Tarkington,229,214,4.30333333333333,0.003967563251890238
micro_density_0.001,fr::Stendhal,224,214,4.31428571428571,0.003977661066960889
micro_density_0.001,en::William McKinley,306,213,3.5813487819370193,0.0033019119642328106
micro_density_0.001,en::P. G. Wodehouse,259,212,4.305911330049257,0.003969940098915863
micro_density_0.001,zh::Feng Menglong,302,211,4.219999999999998,0.0038907320502657187
micro_density_0.001,en::Edgar Allan Poe,259,211,4.234054054054052,0.0039036895285937466
micro_density_0.001,it::Gabriele D'Annunzio,247,211,4.224999999999998,0.00389534192236319
micro_density_0.001,en::Agatha Christie,235,211,4.320740165631467,0.003983611905993546
micro_density_0.001,en::E. Phillips Oppenheim,241,210,4.3382051879465635,0.003999714209803962
micro_density_0.001,fr::Jules Verne,284,209,4.2295238095238075,0.003899512759022807
micro_density_0.001,en::George Meredith,277,209,4.244999999999998,0.0039137814107530755
micro_density_0.001,pl::Eliza Orzeszkowa,307,208,4.237777777777772,0.00390712270661228
micro_density_0.001,en::Jerome K. Jerome,217,208,4.4293358726042324,0.0040837343698893296
micro_density_0.001,en::Kate Chopin,284,207,5.234402047228121,0.004825984788892643
micro_density_0.001,de::Johann Wolfgang von Goethe,261,207,4.27660504869807,0.003942920457179567
micro_density_0.001,en::Robert W. Chambers,227,207,4.209456521739129,0.0038810112330167038
micro_density_0.001,en::Charles Reade,240,205,4.156340752517223,0.0038320398525223467
micro_density_0.001,en::Marie Corelli,263,204,4.103894523326573,0.0037836857708096346
micro_density_0.001,de::Gustav Meyrink,242,201,4.235214940098663,0.0039047598358308254
micro_density_0.001,de::Gustav Freytag,203,201,4.041546592941945,0.0037262025738865998
micro_density_0.001,en::Woodrow Wilson,272,200,4.605371102327617,0.004246034348624084
micro_density_0.001,en::John Adams,261,199,3.9650505050505083,0.0036556751376593116
micro_density_0.001,en::Anna Katharine Green,234,199,4.024975604407655,0.003710924546352252
micro_density_0.001,en::Calvin Coolidge,265,198,4.763270385009522,0.004391613448113291
micro_density_0.001,en::E. Nesbit,209,198,4.862341298939752,0.004482954296472879
micro_density_0.001,it::Edmondo De Amicis,244,197,3.940000000000003,0.0036325792128073346
micro_density_0.001,en::Algernon Blackwood,232,197,3.975135135135138,0.0036649729086274023
micro_density_0.001,de::Hermann Sudermann,227,197,4.312021934593751,0.003975573919993532
micro_density_0.001,de::Ludwig Ganghofer,212,196,4.040586949150562,0.0037253178068591183
micro_density_0.001,fr::Joris-Karl Huysmans,252,195,3.9076190476190504,0.003602724803033235
micro_density_0.001,en::Sax Rohmer,240,195,4.052965679322503,0.003736730679423469
micro_density_0.001,ru::Ivan Bunin,212,195,3.900000000000003,0.0035957002360275645
micro_density_0.001,en::Harold Frederic,213,194,3.930475302889099,0.0036237976857176504
micro_density_0.001,fr::Marcel Proust,227,193,3.871428571428574,0.0035693581097563
micro_density_0.001,en::Mary Roberts Rinehart,247,192,4.10973120582566,0.003789067042768503
micro_density_0.001,de::Wilhelm Raabe,239,192,4.198354203935599,0.003870775180004754
micro_density_0.001,es::Vicente Blasco Ibanez,218,192,3.840000000000003,0.0035403817708579096
micro_density_0.001,en::George Gissing,238,190,3.800000000000003,0.00350350279407814
micro_density_0.001,de::Karl May,203,190,3.906690880179255,0.003601869056396736
micro_density_0.001,de::Gotthold Ephraim Lessing,254,189,3.793341284038961,0.0034973636282953813
micro_density_0.001,en::Mary E. Wilkins Freeman,214,189,3.8500000000000014,0.003549601515052851
micro_density_0.001,de::Heinrich von Kleist,202,189,3.7899224806201577,0.003494211578997965
micro_density_0.001,en::Edgar Rice Burroughs,253,187,3.832208760484625,0.0035331984473285787
micro_density_0.001,de::Friedrich Schiller,203,187,3.8718289599137785,0.0035697272576975187
micro_density_0.001,en::H. Rider Haggard,195,185,3.744312094900333,0.0034521599701010206
micro_density_0.001,de::Hermann Hesse,201,183,4.069632513709123,0.0037520970743818802
micro_density_0.001,it::Silvio Pellico,244,181,3.6200000000000028,0.0033375473985691752
micro_density_0.001,fr::Romain Rolland,236,181,3.6238095238095265,0.0033410596820720104
micro_density_0.001,de::Friedrich Nietzsche,233,181,3.6607235142118886,0.0033750934369444446
micro_density_0.001,en::Joseph Sheridan Le Fanu,216,177,3.584674085850559,0.003304977809378138
micro_density_0.001,it::Matilde Serao,229,176,3.645,0.003360596759056529
micro_density_0.001,es::Pio Baroja,227,175,3.5000000000000027,0.0032269104682298654
micro_density_0.001,ja::Shimazaki Toson,224,174,5.223298280666693,0.004815747400162971
micro_density_0.001,en::William Dean Howells,207,174,3.562201619778348,0.0032842587705166075
micro_density_0.001,en::John Buchan,196,174,3.7899582641111897,0.0034942445704613367
micro_density_0.001,de::Ludwig Tieck,259,173,3.520505050505053,0.0032458156002659598
micro_density_0.001,en::Frederick Douglass,236,173,3.5840760546642927,0.003304426439922341
micro_density_0.001,fr::Emile Zola,247,167,3.3438095238095262,0.003082906844613621
micro_density_0.001,ja::Kunikida Doppo,192,167,4.044861980125139,0.003729259276060224
micro_density_0.001,en::Rudyard Kipling,202,159,3.5055080749645993,0.0032319887724478803
micro_density_0.001,es::Jacinto Benavente,210,154,3.0800000000000023,0.002839681212042282
micro_density_0.001,fr::Pierre Loti,159,152,3.043809523809526,0.002806314518765347
micro_density_0.001,ja::Okamoto Kido,235,151,5.143214022819269,0.004741911763023464
micro_density_0.001,fr::Voltaire,231,151,3.0276190476190497,0.0027913873138782973
micro_density_0.001,fr::Octave Mirbeau,227,151,3.0200000000000022,0.002784362746872627
micro_density_0.001,fr::Gaston Leroux,206,150,3.000000000000002,0.0027659232584827417
micro_density_0.001,en::Franklin D. Roosevelt,203,147,2.765690235690241,0.002549895649551416
micro_density_0.001,de::Paul Heyse,156,147,2.968235294117649,0.0027366370122164536
micro_density_0.001,ru::Alexander Pushkin,217,144,2.9076190476190495,0.0026807503835389874
micro_density_0.001,en::Samuel Butler,162,144,3.145852842809366,0.002900395848563491
micro_density_0.001,ru::Leonid Andreyev,164,141,3.068571428571429,0.0028291443615337743
micro_density_0.001,de::Theodor Storm,160,138,2.790956072351423,0.002573190104640146
micro_density_0.001,it::Vittorio Alfieri,236,137,2.740000000000002,0.0025262099094142377
micro_density_0.001,en::Arnold Bennett,138,137,2.7916666666666687,0.0025738452544214405
micro_density_0.001,ru::Leo Tolstoy,150,135,2.700000000000002,0.0024893309326344676
micro_density_0.001,ru::Nikolai Leskov,189,133,2.6876190476190494,0.002477916011250253
micro_density_0.001,ja::Higuchi Ichiyo,194,124,2.9251449479313223,0.002696908815305509
micro_density_0.001,en::Owen Wister,138,123,2.5694721142547245,0.002368987560946654
micro_density_0.001,en::Jane Austen,206,122,2.506470588235296,0.00231090176556764
micro_density_0.001,en::W. E. B. Du Bois,183,119,2.3501010101010116,0.002166733014540723
micro_density_0.001,en::Arthur Machen,141,116,2.3509215503536005,0.002167489531663775
micro_density_0.001,ja::Ryunosuke Akutagawa,132,115,3.2108773270073576,0.0029603467596348468
micro_density_0.001,ja::Izumi Kyoka,197,112,3.2206948237520985,0.002969398240496966
micro_density_0.001,de::Franz Kafka,127,106,2.409393939393941,0.002221399578605685
micro_density_0.001,it::Giuseppe Giacosa,143,103,2.0600000000000014,0.0018992673041581492
micro_density_0.001,ru::Fyodor Dostoevsky,171,101,2.1580952380952394,0.0019897086043561565
micro_density_0.001,pl::Boleslaw Prus,142,101,2.051111111111111,0.0018910719759848659
micro_density_0.001,en::Lord Dunsany,114,101,2.1858528428093655,0.0020153004058490135
micro_density_0.001,es::Ruben Dario,169,96,1.9200000000000013,0.0017701908854289546
micro_density_0.001,en::W. W. Jacobs,125,92,1.8759925442684076,0.0017296171369773998
micro_density_0.001,it::Emilio Salgari,167,78,1.560000000000001,0.0014382800944110256
micro_density_0.001,es::Miguel de Cervantes,166,77,1.540000000000001,0.0014198406060211407
micro_density_0.001,it::Italo Svevo,164,72,1.5000000000000002,0.0013829616292413702
micro_density_0.001,en::Gertrude Atherton,72,72,1.8055300496604851,0.0016646525194151441
micro_density_0.001,fr::Prosper Merimee,81,70,1.415238095238096,0.0013048133213032869
micro_density_0.001,zh::Lu Xun,144,68,1.3600000000000008,0.0012538852105121762
micro_density_0.001,ja::Arishima Takeo,73,61,1.2625000000000008,0.0011639927046114872
micro_density_0.001,en::Thomas Jefferson,151,57,0.9753297682709446,0.0008992290969170622
micro_density_0.001,it::Luigi Pirandello,66,53,1.0600000000000005,0.0009772928846639019
micro_density_0.001,en::Ernest Hemingway,120,21,0.4200000000000001,0.0003872292561875837
micro_density_0.001,en::Barack Obama,104,4,0.08,7.375795355953973e-05
micro_density_0.002,it::Luigi Capuana,602,553,11.064999999999854,0.010201107224332578
micro_density_0.002,en::L. M. Montgomery,615,546,15.251387742691945,0.014060645430011221
micro_density_0.002,ru::Ivan Turgenev,529,445,8.899999999999899,0.008205138210263
micro_density_0.002,it::Antonio Fogazzaro,486,433,8.724999999999914,0.008043801222982561
micro_density_0.002,es::Benito Perez Galdos,460,425,8.499999999999908,0.007836367953621972
micro_density_0.002,de::Arthur Schnitzler,486,417,8.906915476983794,0.008211513765818367
micro_density_0.002,de::Marie von Ebner-Eschenbach,431,414,9.391042722287528,0.008657843087062309
micro_density_0.002,en::Katherine Mansfield,488,413,9.224002627806895,0.008503844540784893
micro_density_0.002,en::Jack London,463,411,8.427425147316365,0.007769459335997482
micro_density_0.002,fr::Paul Bourget,440,408,8.190476190476105,0.0075510100169354595
micro_density_0.002,en::Nathaniel Hawthorne,475,404,8.087027027026943,0.00745563758054934
micro_density_0.002,en::Willa Cather,465,401,8.914164164171572,0.008218196516404735
micro_density_0.002,de::Wilhelm Hauff,485,396,8.0091297485004,0.00738382208206466
micro_density_0.002,fr::Guy de Maupassant,448,389,7.791428571428494,0.007183117784715003
micro_density_0.002,it::Alfredo Panzini,437,386,7.724999999999924,0.007121875581379975
micro_density_0.002,de::Jakob Wassermann,410,377,8.492149347840126,0.007829130236092566
micro_density_0.002,de::Ricarda Huch,380,377,7.698135740228696,0.007097108731454207
micro_density_0.002,de::Rainer Maria Rilke,389,376,8.064563705028755,0.007434928068003634
micro_density_0.002,en::Sarah Orne Jewett,395,375,11.041777135907513,0.010179697470454396
micro_density_0.002,it::Federico De Roberto,409,374,7.4799999999999285,0.006896003799187343
micro_density_0.002,fr::Jean Lorrain,436,366,7.327619047618979,0.0067555198918955225
micro_density_0.002,fr::Octave Feuillet,422,365,7.421904761904688,0.006842444309532333
micro_density_0.002,en::Elizabeth Cleghorn Gaskell,407,360,7.236666666666601,0.006671668559730717
micro_density_0.002,en::D. H. Lawrence,412,359,7.933421325051696,0.007314024545201993
micro_density_0.002,en::Washington Irving,441,358,7.186773618538259,0.006625670879323487
micro_density_0.002,fr::Alphonse Daudet,402,358,7.167619047618983,0.00660801178923911
micro_density_0.002,en::Stephen Crane,399,352,7.105911330049199,0.006551121862126756
micro_density_0.002,en::Sinclair Lewis,400,351,7.466842065979935,0.006883873162423796
micro_density_0.002,fr::Anatole France,408,349,7.029523809523748,0.006480698248255898
micro_density_0.002,en::Abraham Lincoln,394,346,7.205977421271484,0.006643375357479525
micro_density_0.002,en::F. Scott Fitzgerald,421,341,7.156764069264011,0.006598004306354621
micro_density_0.002,ru::Ivan Goncharov,406,335,6.699999999999945,0.006176901798737334
micro_density_0.002,en::James Baldwin,405,333,6.866554230083583,0.0063304524141688185
micro_density_0.002,en::Virginia Woolf,358,328,6.80491754122933,0.0062736279702506025
micro_density_0.002,ja::Natsume Soseki,389,326,8.656447994729684,0.00798060137154066
micro_density_0.002,en::Edith Wharton,384,324,6.495316091953973,0.005988198455486326
micro_density_0.002,en::Gene Stratton-Porter,332,322,6.8109932458845,0.006279229318163008
micro_density_0.002,en::George MacDonald,361,321,6.582598039215632,0.006068665920715853
micro_density_0.002,en::James Joyce,410,319,6.696030020703882,0.006173241773027662
micro_density_0.002,ru::Alexander Kuprin,398,319,6.490476190476143,0.005983736426211084
micro_density_0.002,de::Stefan Zweig,347,315,6.72651162790693,0.006201343548305411
micro_density_0.002,it::Alessandro Manzoni,376,312,6.239999999999955,0.0057528160036001506
micro_density_0.002,de::Gerhart Hauptmann,336,312,6.530523960004079,0.006020657491827879
micro_density_0.002,fr::Charles Baudelaire,318,311,6.219999999999955,0.005734377490768099
micro_density_0.002,es::Eduardo Zamacois,389,310,6.199999999999956,0.0057159389779360475
micro_density_0.002,ja::Mori Ogai,334,309,7.826910852305529,0.007215829809278087
micro_density_0.002,ru::Maxim Gorky,383,308,6.353333333333291,0.005857300909648447
micro_density_0.002,en::Frank Norris,331,303,6.081666666666625,0.005606844443679743
micro_density_0.002,fr::Denis Diderot,339,301,6.115238095238052,0.005637794804504971
micro_density_0.002,es::Juan Valera,379,300,5.99999999999996,0.005531553849615532
micro_density_0.002,en::Richard Harding Davis,335,298,6.095472860472822,0.00561957272776261
micro_density_0.002,fr::Victor Hugo,347,296,5.931428571428533,0.005468336091334213
micro_density_0.002,en::Frances Hodgson Burnett,339,296,6.479416651123775,0.005973540353297823
micro_density_0.002,en::R. Austin Freeman,333,291,6.169897483690543,0.00568818669627364
micro_density_0.002,en::Arthur Conan Doyle,328,289,5.866896551724102,0.005408842367664294
micro_density_0.002,zh::Li Boyuan,387,288,5.759999999999965,0.005310291695630914
micro_density_0.002,es::Emilia Pardo Bazan,360,287,5.739999999999966,0.005291853182798863
micro_density_0.002,fr::Emile Gaboriau,336,284,5.699047619047586,0.005254098132714186
micro_density_0.002,fr::Edmond About,325,284,5.71428571428568,0.005268146523443367
micro_density_0.002,pl::Maria Konopnicka,373,282,5.639999999999968,0.005199660618638605
micro_density_0.002,de::Heinrich Heine,309,282,6.319322085423304,0.005825945068097327
micro_density_0.002,fr::Gustave Flaubert,324,280,5.660952380952348,0.00521897715589123
micro_density_0.002,it::Sibilla Aleramo,327,279,5.699999999999964,0.005254976157134757
micro_density_0.002,de::E. T. A. Hoffmann,319,278,5.75118542044668,0.005302165308720794
micro_density_0.002,de::Thomas Mann,284,276,5.929090909090882,0.005466180940483724
micro_density_0.002,en::Thomas Hardy,336,273,5.486509785647688,0.00505815405429216
micro_density_0.002,en::Wilkie Collins,321,273,5.591673747784264,0.005155107407558393
micro_density_0.002,en::Hamlin Garland,305,273,5.529890109890082,0.005098147487552257
micro_density_0.002,fr::Marcel Schwob,314,270,5.460952380952351,0.005034592027570714
micro_density_0.002,en::Ambrose Bierce,294,270,5.414054054054027,0.004991355257454888
micro_density_0.002,es::Jose Maria de Pereda,359,269,5.379999999999973,0.004959959951821935
micro_density_0.002,de::Adalbert Stifter,313,265,5.415482128450639,0.004992671835859242
micro_density_0.002,en::Joseph Conrad,282,265,5.613127721853329,0.005174886376366941
micro_density_0.002,pl::Stefan Zeromski,360,264,5.375555555555546,0.004955862504525939
micro_density_0.002,en::Frank R. Stockton,283,263,5.289999999999975,0.004876986644077703
micro_density_0.002,en::Henry James,349,262,5.268965517241355,0.004857594415064685
micro_density_0.002,en::O. Henry,289,261,5.468635489947305,0.0050416752827603896
micro_density_0.002,en::George Eliot,280,261,5.28487491548341,0.004872261697246502
micro_density_0.002,en::Benjamin Harrison,351,260,4.531588433353145,0.004177787573897996
micro_density_0.002,it::Salvatore Farina,339,260,5.209999999999977,0.004803232592749498
micro_density_0.002,zh::Wu Jianren,359,259,5.1799999999999775,0.00477557482350142
micro_density_0.002,it::Giovanni Pascoli,334,258,5.159999999999978,0.004757136310669369
micro_density_0.002,en::Charles Dickens,329,256,5.242225755166908,0.004832942342757899
micro_density_0.002,en::Stephen Leacock,271,256,5.143478260869544,0.004741904495721152
micro_density_0.002,en::Theodore Roosevelt,266,256,5.622512077294676,0.005183538054278233
micro_density_0.002,en::Elizabeth von Arnim,286,255,5.277199676305616,0.004865185697443061
micro_density_0.002,en::Bram Stoker,289,254,5.184363781940485,0.0047795979059667365
micro_density_0.002,fr::Jules Barbey d'Aurevilly,263,254,5.091428571428551,0.00469391855238805
micro_density_0.002,en::E. M. Forster,266,253,5.488333333333314,0.005059835229662223
micro_density_0.002,ru::Anton Chekhov,314,250,5.524761904761873,0.005093419663749164
micro_density_0.002,en::R. D. Blackmore,303,250,5.111732909379946,0.004712637642181206
micro_density_0.002,fr::Andre Gide,298,250,5.045714285714265,0.004651773380200502
micro_density_0.002,en::G. K. Chesterton,292,248,4.97703703703702,0.004588458063650232
micro_density_0.002,es::Concha Espina,321,246,4.919999999999983,0.004535874156684751
micro_density_0.002,de::Clara Viebig,315,246,5.583261830129119,0.0051473522449770655
micro_density_0.002,en::Grover Cleveland,339,244,3.408698752228169,0.003142566784177919
micro_density_0.002,en::Anthony Hope,264,244,4.933448275862053,0.004548272467037338
micro_density_0.002,fr::Villiers de l'Isle-Adam,318,243,4.951428571428553,0.004564848962563688
micro_density_0.002,en::Robert Louis Stevenson,270,241,4.880492845786947,0.0044994514981890055
micro_density_0.002,es::Miguel de Unamuno,327,240,4.799999999999986,0.004425243079692442
micro_density_0.002,en::William Morris,330,239,4.818235294117633,0.004442054664921666
micro_density_0.002,ru::Nikolai Gogol,326,239,4.807619047619033,0.004432267275057033
micro_density_0.002,es::Leopoldo Alas,300,237,4.739999999999987,0.0043699275411962875
micro_density_0.002,fr::Alexandre Dumas,278,237,4.7704761904761765,0.004398024322654652
micro_density_0.002,en::Stanley J. Weyman,267,237,4.786931637519858,0.004413195021228255
micro_density_0.002,en::H. G. Wells,302,233,4.887037037037022,0.004505484755906
micro_density_0.002,en::Louisa May Alcott,316,232,4.684999999999987,0.004319221630908145
micro_density_0.002,en::Anthony Trollope,258,229,4.622762321144664,0.004261843118897594
micro_density_0.002,de::Theodor Fontane,256,229,4.737949260042275,0.004368036911445014
micro_density_0.002,en::Herman Melville,284,227,4.5540540540540455,0.004198499205676674
micro_density_0.002,fr::Honore de Balzac,239,227,4.574285714285705,0.0042171512920164324
micro_density_0.002,en::Margaret Oliphant,245,224,4.534313725490187,0.004180300090599992
micro_density_0.002,en::Mark Twain,268,222,4.49398354876615,0.004143118666547738
micro_density_0.002,en::Alice Brown,245,222,4.560144927536226,0.004204114538119653
micro_density_0.002,en::Israel Zangwill,245,222,4.617555994729899,0.00425704327307727
micro_density_0.002,fr::Jules Verne,293,218,4.413333333333328,0.004068765164939447
micro_density_0.002,fr::George Sand,251,216,4.319999999999996,0.003982718771723206
micro_density_0.002,fr::Stendhal,225,216,4.365714285714279,0.004024863943910751
micro_density_0.002,en::Mary Wollstonecraft Shelley,286,215,4.299999999999996,0.003964280258891154
micro_density_0.002,de::Gustav Meyrink,257,215,4.515214940098657,0.004162692430624076
micro_density_0.002,it::Annie Vivanti,276,214,4.294999999999996,0.003959670630683141
micro_density_0.002,de::Johann Wolfgang von Goethe,270,214,4.418827270920289,0.004073830166874231
micro_density_0.002,it::Edmondo De Amicis,263,214,4.279999999999997,0.003945841746059103
micro_density_0.002,en::Booth Tarkington,229,214,4.30333333333333,0.003967353344363164
micro_density_0.002,en::William McKinley,306,213,3.5813487819370193,0.003301737273589958
micro_density_0.002,zh::Feng Menglong,303,212,4.2399999999999975,0.003908964720395
micro_density_0.002,en::Anna Katharine Green,248,212,4.2849756044076495,0.003950428883344989
micro_density_0.002,en::George Meredith,279,211,4.2849999999999975,0.003950451374267116
micro_density_0.002,en::Charles Reade,245,210,4.256340752517221,0.00392402967914371
micro_density_0.002,pl::Eliza Orzeszkowa,308,209,4.257777777777772,0.003925354509579043
micro_density_0.002,en::Marie Corelli,268,209,4.2038945233265705,0.003875678155647483
micro_density_0.002,en::Edgar Allan Poe,257,209,4.194054054054053,0.003866605974699747
micro_density_0.002,en::E. Phillips Oppenheim,240,208,4.298205187946564,0.003962625575637238
micro_density_0.002,it::Gabriele D'Annunzio,240,208,4.164999999999999,0.0038398202972748066
micro_density_0.002,en::Robert W. Chambers,226,206,4.189456521739129,0.0038623673917705216
micro_density_0.002,en::Jerome K. Jerome,215,206,4.389335872604233,0.004046641290559943
micro_density_0.002,fr::Joris-Karl Huysmans,261,205,4.107619047619048,0.0037869193259352303
micro_density_0.002,en::P. G. Wodehouse,251,205,4.16591133004926,0.0038406604758151833
micro_density_0.002,en::Agatha Christie,229,205,4.200740165631469,0.0038727700724055826
micro_density_0.002,ru::Ivan Bunin,223,204,4.080000000000001,0.003761456617738588
micro_density_0.002,de::Gustav Freytag,206,204,4.101546592941944,0.0037813209742609388
micro_density_0.002,fr::Romain Rolland,259,202,4.047619047619049,0.0037316037874390758
micro_density_0.002,fr::Marcel Proust,238,202,4.051428571428573,0.003735115885121372
micro_density_0.002,de::Heinrich von Kleist,216,202,4.057785728483406,0.0037409767112179166
micro_density_0.002,en::Kate Chopin,277,200,4.942317320360787,0.004556449066577236
micro_density_0.002,en::Woodrow Wilson,271,199,4.585371102327618,0.004227371195499386
micro_density_0.002,en::John Adams,261,199,3.9650505050505083,0.0036554817308553826
micro_density_0.002,de::Wilhelm Raabe,247,198,4.365020870602265,0.00402422466673871
micro_density_0.002,de::Karl May,212,198,4.07233190582028,0.0037543872050920797
micro_density_0.002,en::Calvin Coolidge,264,197,4.743270385009523,0.0043729425929944915
micro_density_0.002,en::E. Nesbit,209,197,4.912341298939752,0.004528813403795955
micro_density_0.002,en::Sax Rohmer,241,196,4.072965679322502,0.0037549714971347463
micro_density_0.002,en::Algernon Blackwood,230,196,3.9696178937558275,0.0036596925236179823
micro_density_0.002,en::Harold Frederic,213,194,3.930475302889099,0.003623605965419186
micro_density_0.002,de::Gotthold Ephraim Lessing,259,193,3.873341284038961,0.0035709326484334378
micro_density_0.002,de::Friedrich Nietzsche,245,193,3.9063645398529143,0.003601377634737523
micro_density_0.002,en::Mary Roberts Rinehart,247,192,4.110564539158993,0.003789634850113029
micro_density_0.002,es::Vicente Blasco Ibanez,216,191,3.820000000000003,0.003521755950921915
micro_density_0.002,de::Friedrich Schiller,207,191,3.9540511821360007,0.003645341173020231
micro_density_0.002,en::Edgar Rice Burroughs,255,189,3.872208760484625,0.0035698885459289763
micro_density_0.002,en::H. Rider Haggard,199,189,3.824312094900333,0.0035257313817795527
micro_density_0.002,de::Ludwig Tieck,273,187,3.8027272727272754,0.003505831780748779
micro_density_0.002,en::George Gissing,234,187,3.740000000000003,0.0034480018995937073
micro_density_0.002,en::Mary E. Wilkins Freeman,211,186,3.7900000000000014,0.0034940981816738354
micro_density_0.002,de::Hermann Sudermann,213,185,4.072021934593756,0.0037541014346701876
micro_density_0.002,de::Ludwig Ganghofer,201,185,3.814945923509536,0.0035170964682107327
micro_density_0.002,it::Silvio Pellico,249,183,3.660000000000003,0.0033742478482654994
micro_density_0.002,it::Matilde Serao,234,180,3.725,0.0034341730149696657
micro_density_0.002,en::Joseph Sheridan Le Fanu,219,179,3.624674085850559,0.0033416799821980752
micro_density_0.002,en::William Dean Howells,214,179,3.6622016197783482,0.0033762775779922157
micro_density_0.002,ja::Shimazaki Toson,223,177,5.304609469477882,0.004890455488599596
micro_density_0.002,es::Pio Baroja,229,176,3.5200000000000027,0.003245178258441136
micro_density_0.002,en::John Buchan,195,173,3.7699582641111897,0.003475621191455713
micro_density_0.002,fr::Voltaire,253,171,3.4314285714285737,0.0031635219873277633
micro_density_0.002,en::Frederick Douglass,234,171,3.5440760546642927,0.0032673745905847707
micro_density_0.002,ja::Kunikida Doppo,195,170,4.104861980125138,0.003784377514716966
micro_density_0.002,de::Hermann Hesse,184,168,3.766376699755636,0.0034723192554392784
micro_density_0.002,fr::Emile Zola,242,164,3.283809523809526,0.0030274282021388087
micro_density_0.002,en::Rudyard Kipling,202,159,3.5055080749645993,0.0032318177811548154
micro_density_0.002,es::Jacinto Benavente,211,155,3.1000000000000023,0.002857969488968046
micro_density_0.002,fr::Gaston Leroux,213,154,3.0800000000000023,0.0028395309761359943
micro_density_0.002,fr::Pierre Loti,159,153,3.063809523809526,0.0028246045609862376
micro_density_0.002,fr::Octave Mirbeau,227,150,3.000000000000002,0.0027657769248077865
micro_density_0.002,ru::Alexander Pushkin,223,150,3.0276190476190497,0.0027912396330044293
micro_density_0.002,ru::Leonid Andreyev,172,149,3.2561904761904765,0.0030019654939421637
micro_density_0.002,en::Samuel Butler,166,149,3.311270903010035,0.0030527455517775303
micro_density_0.002,ja::Okamoto Kido,232,148,4.893779633678999,0.004511700928641223
micro_density_0.002,ru::Nikolai Leskov,203,146,2.9476190476190496,0.002717485581676222
micro_density_0.002,en::Franklin D. Roosevelt,202,146,2.745690235690241,0.002531322232180705
micro_density_0.002,de::Paul Heyse,152,144,2.8988235294117666,0.0026724997422456413
micro_density_0.002,de::Theodor Storm,163,141,2.8803678370573054,0.0026554849662305344
micro_density_0.002,ja::Higuchi Ichiyo,209,139,3.293359233645608,0.003036232324506557
micro_density_0.002,ru::Leo Tolstoy,154,138,2.760000000000002,0.0025445147708231634
micro_density_0.002,en::Arnold Bennett,138,137,2.7916666666666687,0.002573709082807246
micro_density_0.002,it::Vittorio Alfieri,234,135,2.700000000000002,0.002489199232327008
micro_density_0.002,ja::Ryunosuke Akutagawa,150,131,3.6154206706606082,0.003333149021462065
micro_density_0.002,ja::Izumi Kyoka,214,128,3.753986516579395,0.003460896427864949
micro_density_0.002,en::Owen Wister,143,128,2.670305447588058,0.0024618230630425245
micro_density_0.002,en::Jane Austen,208,124,2.546470588235296,0.002347656530880962
micro_density_0.002,en::Arthur Machen,146,121,2.4509215503536006,0.0022595674228273696
micro_density_0.002,de::Franz Kafka,140,118,2.649393939393941,0.0024425442074337855
micro_density_0.002,en::W. E. B. Du Bois,180,116,2.2901010101010115,0.0021113028430721254
micro_density_0.002,ru::Fyodor Dostoevsky,182,111,2.3580952380952396,0.0021739884653409775
micro_density_0.002,es::Ruben Dario,178,104,2.0800000000000014,0.0019176053345333986
micro_density_0.002,pl::Boleslaw Prus,144,103,2.091111111111111,0.0019278489527734261
micro_density_0.002,it::Giuseppe Giacosa,141,101,2.0200000000000014,0.001862289796037243
micro_density_0.002,en::Lord Dunsany,113,100,2.1658528428093655,0.001996755271723828
micro_density_0.002,en::W. W. Jacobs,124,91,1.8559925442684075,0.001711087117184284
micro_density_0.002,it::Emilio Salgari,176,85,1.700000000000001,0.0015672735907244122
micro_density_0.002,it::Italo Svevo,174,82,1.7049999999999998,0.001571883218932424
micro_density_0.002,es::Miguel de Cervantes,171,82,1.640000000000001,0.0015119580522282565
micro_density_0.002,en::Gertrude Atherton,78,78,1.9706749771967171,0.0018168157927422623
micro_density_0.002,ja::Arishima Takeo,88,73,1.502500000000001,0.0013851932765078998
micro_density_0.002,zh::Lu Xun,151,72,1.4400000000000008,0.0013275729239077374
micro_density_0.002,fr::Prosper Merimee,76,66,1.3276190476190484,0.001223966042280017
micro_density_0.002,en::Thomas Jefferson,152,58,0.9953297682709447,0.0009176200352193527
micro_density_0.002,it::Luigi Pirandello,73,57,1.1400000000000006,0.0010509952314269586
micro_density_0.002,en::Ernest Hemingway,122,23,0.46000000000000013,0.00042408579513719376
micro_density_0.002,en::Barack Obama,104,4,0.08,7.375405132820759e-05
micro_density_0.004,en::L. M. Montgomery,599,531,14.927076148489055,0.013757927402962552
micro_density_0.004,it::Luigi Capuana,549,504,10.084999999999875,0.009295102167273394
micro_density_0.004,fr::Victor Hugo,490,430,8.626666666666571,0.007950991376269569
micro_density_0.004,ru::Ivan Turgenev,512,428,8.559999999999906,0.007889546311537965
micro_density_0.004,it::Antonio Fogazzaro,477,424,8.539999999999917,0.007871112792118494
micro_density_0.004,es::Benito Perez Galdos,454,420,8.39999999999991,0.007742078156182117
micro_density_0.004,fr::Anatole France,459,399,8.04476190476182,0.007414663739826571
micro_density_0.004,it::Alfredo Panzini,452,399,7.984999999999919,0.0073595826282278854
micro_density_0.004,en::Katherine Mansfield,470,397,8.880524366937333,0.008184965918655867
micro_density_0.004,en::Jack London,448,397,8.146591813983036,0.007508517920282237
micro_density_0.004,en::Nathaniel Hawthorne,463,392,7.847027027026948,0.007232416254394844
micro_density_0.004,de::Arthur Schnitzler,454,386,8.181429490102472,0.007540626969246098
micro_density_0.004,en::Willa Cather,443,379,8.387079437304251,0.007730169584014065
micro_density_0.004,de::Jakob Wassermann,412,379,8.523242633639294,0.007855667930207097
micro_density_0.004,de::Rainer Maria Rilke,392,379,8.264563705028754,0.007617249777509446
micro_density_0.004,fr::Paul Bourget,405,376,7.54285714285707,0.0069520701810615
micro_density_0.004,de::Wilhelm Hauff,463,375,7.586907526278185,0.006992670360972936
micro_density_0.004,de::Marie von Ebner-Eschenbach,386,374,8.557136704304916,0.007886907280698099
micro_density_0.004,de::Ricarda Huch,374,371,7.595913518006475,0.007000970967143693
micro_density_0.004,en::Sarah Orne Jewett,388,368,10.901777135907517,0.010047906027080493
micro_density_0.004,en::Elizabeth Cleghorn Gaskell,408,362,7.2766666666666,0.006706728815454598
micro_density_0.004,en::D. H. Lawrence,411,359,7.933421325051696,0.007312043802913426
micro_density_0.004,en::Washington Irving,434,351,7.046773618538262,0.006494841917100724
micro_density_0.004,fr::Charles Baudelaire,358,348,6.95999999999994,0.006414864757979481
micro_density_0.004,en::Sinclair Lewis,394,345,7.346842065979938,0.006771407794755212
micro_density_0.004,en::Stephen Crane,385,339,6.845911330049205,0.006309711972325498
micro_density_0.004,fr::Alphonse Daudet,381,339,6.787619047618991,0.006255985376316335
micro_density_0.004,en::Abraham Lincoln,386,338,7.045977421271488,0.006494108081211782
micro_density_0.004,fr::Guy de Maupassant,390,336,6.731428571428516,0.006204195964613984
micro_density_0.004,it::Federico De Roberto,366,333,6.659999999999946,0.006138361966687266
micro_density_0.004,en::Virginia Woolf,360,330,6.8449175412293295,0.006308796021049996
micro_density_0.004,en::Edith Wharton,388,327,6.555316091953972,0.006041877324093632
micro_density_0.004,en::F. Scott Fitzgerald,405,325,6.8367640692640155,0.006301281161859555
micro_density_0.004,en::Gene Stratton-Porter,335,325,6.870993245884499,0.0063328293714568825
micro_density_0.004,fr::Jules Barbey d'Aurevilly,337,324,6.499047619047569,0.005990016024692395
micro_density_0.004,fr::Jean Lorrain,390,322,6.447619047618998,0.005942615546185158
micro_density_0.004,es::Juan Valera,403,321,6.419999999999951,0.005917159733653494
micro_density_0.004,en::James Baldwin,392,320,6.606554230083589,0.006089102284805151
micro_density_0.004,ru::Ivan Goncharov,387,319,6.379999999999952,0.005880292694814531
micro_density_0.004,en::George MacDonald,357,315,6.453186274509752,0.005947746725435327
micro_density_0.004,en::James Joyce,404,313,6.576030020703884,0.006060968854486895
micro_density_0.004,en::Richard Harding Davis,350,313,6.395472860472816,0.005894553658514605
micro_density_0.004,fr::Edmond About,347,305,6.141904761904718,0.005660846035058805
micro_density_0.004,it::Alessandro Manzoni,367,304,6.079999999999958,0.005603789903522316
micro_density_0.004,ru::Alexander Kuprin,374,300,6.1104761904761515,0.005631879075971052
micro_density_0.004,de::E. T. A. Hoffmann,345,298,6.176160691413735,0.005692418902150646
micro_density_0.004,en::Frances Hodgson Burnett,343,298,6.5088619351662445,0.005999061644030522
micro_density_0.004,es::Jose Maria de Pereda,387,295,5.899999999999962,0.005437888228746987
micro_density_0.004,en::Frank Norris,320,292,5.86166666666663,0.005402557316526315
micro_density_0.004,es::Eduardo Zamacois,368,290,5.799999999999964,0.005345720631649582
micro_density_0.004,de::Adalbert Stifter,337,290,5.942005916260328,0.005476604072402915
micro_density_0.004,en::R. Austin Freeman,332,290,6.149897483690544,0.0056682127346714805
micro_density_0.004,ru::Maxim Gorky,359,286,5.885714285714247,0.0054247214291616415
micro_density_0.004,en::Arthur Conan Doyle,322,286,5.806896551724103,0.005352077017656299
micro_density_0.004,zh::Li Boyuan,384,285,5.699999999999966,0.0052535530345521764
micro_density_0.004,de::Gerhart Hauptmann,304,285,5.987268146050601,0.005518321181993317
micro_density_0.004,it::Sibilla Aleramo,328,280,5.719999999999963,0.005271986553971655
micro_density_0.004,fr::Octave Feuillet,334,278,5.647619047619014,0.005205274769405916
micro_density_0.004,fr::Denis Diderot,313,278,5.6514285714285375,0.005208785915962006
micro_density_0.004,en::Ambrose Bierce,299,277,5.554054054054024,0.005119038163112721
micro_density_0.004,pl::Maria Konopnicka,365,274,5.479999999999971,0.005050784320937885
micro_density_0.004,en::Henry James,362,274,5.50896551724135,0.005077481142166099
micro_density_0.004,de::Stefan Zweig,301,274,5.793178294573613,0.00533943322967705
micro_density_0.004,en::Thomas Hardy,337,273,5.486509785647688,0.005056784233945577
micro_density_0.004,en::George Eliot,292,273,5.543698444895169,0.005109493646986205
micro_density_0.004,en::Wilkie Collins,320,272,5.571673747784264,0.005135277811439806
micro_density_0.004,de::Thomas Mann,274,267,5.705151515151492,0.0052583010622814464
micro_density_0.004,it::Edmondo De Amicis,320,266,5.3199999999999745,0.004903316165582036
micro_density_0.004,en::Bram Stoker,302,266,5.431390808967508,0.005005982397594775
micro_density_0.004,en::Hamlin Garland,300,266,5.389890109890084,0.004967732200476488
micro_density_0.004,it::Salvatore Farina,343,263,5.269999999999976,0.004857232367033334
micro_density_0.004,en::Benjamin Harrison,353,262,4.595462467815413,0.0042355273320986726
micro_density_0.004,fr::Gustave Flaubert,305,262,5.285714285714261,0.0048717158465772115
micro_density_0.004,en::Charles Dickens,335,261,5.342225755166906,0.00492380111005615
micro_density_0.004,en::Elizabeth von Arnim,291,261,5.427199676305614,0.005002119531329143
micro_density_0.004,fr::Emile Gaboriau,311,260,5.219047619047596,0.004810270781845608
micro_density_0.004,ja::Natsume Soseki,309,260,6.830650386764908,0.006295646327605963
micro_density_0.004,ja::Mori Ogai,283,260,6.688076265839386,0.006164239186266158
micro_density_0.004,en::Frank R. Stockton,280,260,5.2299999999999764,0.004820365328194372
micro_density_0.004,pl::Stefan Zeromski,354,259,5.275555555555548,0.004862352789094316
micro_density_0.004,en::Joseph Conrad,276,259,5.493127721853331,0.005062883826723758
micro_density_0.004,en::O. Henry,284,257,5.365157229077742,0.004944936498538786
micro_density_0.004,ru::Nikolai Gogol,344,255,5.155238095238073,0.004751459077031074
micro_density_0.004,en::Stephen Leacock,270,255,5.123478260869544,0.004722186800851484
micro_density_0.004,en::G. K. Chesterton,298,254,5.097037037037017,0.004697816560201897
micro_density_0.004,de::Clara Viebig,322,253,5.793184310749271,0.005339438774641591
micro_density_0.004,en::R. D. Blackmore,307,253,5.171732909379945,0.00476666195087132
micro_density_0.004,en::Theodore Roosevelt,263,253,5.562512077294677,0.005126833719895571
micro_density_0.004,en::E. M. Forster,265,252,5.468333333333314,0.005040031434609863
micro_density_0.004,en::Stanley J. Weyman,281,251,5.066931637519852,0.004670069136870352
micro_density_0.004,en::Robert Louis Stevenson,279,250,5.060492845786944,0.004664134657248023
micro_density_0.004,it::Giovanni Pascoli,326,249,4.979999999999982,0.004589946335450859
micro_density_0.004,de::Heinrich Heine,273,249,5.639322085423309,0.005197627658718054
micro_density_0.004,zh::Wu Jianren,348,248,4.959999999999982,0.004571512816031378
micro_density_0.004,es::Emilia Pardo Bazan,310,244,4.879999999999984,0.004497778738353454
micro_density_0.004,fr::Alexandre Dumas,285,244,4.925714285714268,0.004539912497026553
micro_density_0.004,en::Grover Cleveland,338,243,3.388698752228169,0.0031232822127985217
micro_density_0.004,en::Anthony Hope,263,243,4.9126149425287196,0.00452783914717689
micro_density_0.004,es::Concha Espina,317,242,4.839999999999985,0.004460911699514492
micro_density_0.004,ru::Anton Chekhov,304,241,5.344761904761875,0.0049261386181966285
micro_density_0.004,en::Anthony Trollope,270,241,4.886240582014223,0.004503530532840872
micro_density_0.004,en::William Morris,331,240,4.8382352941176325,0.004459285212506891
micro_density_0.004,fr::Joris-Karl Huysmans,300,239,4.7876190476190335,0.0044126334343682315
micro_density_0.004,de::Johann Wolfgang von Goethe,295,239,4.922083084873768,0.004536565706466083
micro_density_0.004,en::Louisa May Alcott,321,237,4.784999999999985,0.004410219521110918
micro_density_0.004,fr::Romain Rolland,297,237,4.747619047619034,0.00437576639552927
micro_density_0.004,de::Gustav Meyrink,283,237,5.046831101714811,0.004651542956015141
micro_density_0.004,en::Margaret Oliphant,257,235,4.755147058823516,0.004382704782565664
micro_density_0.004,en::H. G. Wells,303,233,4.887037037037022,0.004504264606297346
micro_density_0.004,es::Leopoldo Alas,296,233,4.659999999999989,0.004295010024739162
micro_density_0.004,fr::Jules Verne,312,232,4.697142857142845,0.004329243703661056
micro_density_0.004,fr::Marcel Proust,269,232,4.655238095238084,0.004290621091544048
micro_density_0.004,es::Miguel de Unamuno,315,229,4.57999999999999,0.0042212759470612385
micro_density_0.004,en::Anna Katharine Green,266,228,4.619029658461697,0.0042572486454207185
micro_density_0.004,de::Heinrich von Kleist,242,228,4.577785728483395,0.00421923510621118
micro_density_0.004,en::Herman Melville,283,226,4.534054054054046,0.004178928672719188
micro_density_0.004,en::Mark Twain,273,226,4.573983548766148,0.0042157307285284685
micro_density_0.004,de::Karl May,242,225,4.6333813989627854,0.004270476299782226
micro_density_0.004,en::Israel Zangwill,246,223,4.637555994729898,0.004274323924389305
micro_density_0.004,fr::Marcel Schwob,255,222,4.493333333333324,0.004141397362910152
micro_density_0.004,fr::Stendhal,230,222,4.500952380952372,0.004148419656022336
micro_density_0.004,de::Wilhelm Raabe,273,221,4.825020870602257,0.004447105795882495
micro_density_0.004,en::Booth Tarkington,235,220,4.423333333333328,0.004076880044941971
micro_density_0.004,fr::Andre Gide,264,219,4.4142857142857075,0.004068541071871252
micro_density_0.004,de::Ludwig Tieck,306,218,4.442727272727269,0.0040947549728638935
micro_density_0.004,en::Charles Reade,253,218,4.416340752517217,0.0040704351512286675
micro_density_0.004,en::George Meredith,284,217,4.404999999999995,0.00405998265214078
micro_density_0.004,en::Mary Wollstonecraft Shelley,287,216,4.319999999999996,0.003981640194607985
micro_density_0.004,ru::Ivan Bunin,238,216,4.319999999999996,0.003981640194607985
micro_density_0.004,en::Marie Corelli,275,215,4.323894523326568,0.003985229683176484
micro_density_0.004,de::Theodor Fontane,242,215,4.3646159267089475,0.004022761622178366
micro_density_0.004,fr::Villiers de l'Isle-Adam,286,214,4.367619047619042,0.00402552952655913
micro_density_0.004,en::Alice Brown,233,214,4.370144927536229,0.004027857569384367
micro_density_0.004,fr::Honore de Balzac,223,212,4.278095238095235,0.0039430175824909765
micro_density_0.004,de::Gustav Freytag,214,212,4.2637688151641635,0.003929813262725397
micro_density_0.004,pl::Eliza Orzeszkowa,309,210,4.2777777777777715,0.003942724986944633
micro_density_0.004,en::William McKinley,303,210,3.512424242424245,0.0032373170241092332
micro_density_0.004,de::Gotthold Ephraim Lessing,274,210,4.216597097992446,0.00388633622449864
micro_density_0.004,en::Jerome K. Jerome,218,210,4.452884638761693,0.004104116773066211
micro_density_0.004,zh::Feng Menglong,300,208,4.159999999999999,0.0038341720392521365
micro_density_0.004,en::Edgar Allan Poe,255,207,4.154054054054054,0.003828691803749048
micro_density_0.004,de::Friedrich Nietzsche,259,205,4.1557763045587945,0.0038302791606552654
micro_density_0.004,en::John Adams,264,202,4.025050505050507,0.003709792332462103
micro_density_0.004,de::Friedrich Schiller,223,202,4.220717848802665,0.0038901342215027905
micro_density_0.004,en::Robert W. Chambers,221,202,4.109456521739131,0.0037875873298496435
micro_density_0.004,en::P. G. Wodehouse,242,201,4.085911330049262,0.003765886292437113
micro_density_0.004,en::E. Phillips Oppenheim,232,200,4.13117816091954,0.0038076076427323957
micro_density_0.004,en::E. Nesbit,212,200,5.044152893142649,0.004649074515528923
micro_density_0.004,it::Annie Vivanti,261,199,3.9950000000000028,0.003682095504041418
micro_density_0.004,en::Mary Roberts Rinehart,254,198,4.2305645391589906,0.0038992096793978377
micro_density_0.004,en::Woodrow Wilson,269,197,4.560320597277113,0.004203137914448441
micro_density_0.004,en::Calvin Coolidge,264,197,4.743270385009523,0.004371758337696209
micro_density_0.004,it::Silvio Pellico,264,197,3.940000000000003,0.0036314033256378444
micro_density_0.004,en::Agatha Christie,221,197,4.019073498964807,0.0037042834695745473
micro_density_0.004,en::Harold Frederic,218,197,3.990475302889099,0.0036779251994383624
micro_density_0.004,en::H. Rider Haggard,205,195,3.9451454282336664,0.0036361457432011832
micro_density_0.004,it::Gabriele D'Annunzio,226,194,3.885000000000003,0.0035807111472342702
micro_density_0.004,fr::Voltaire,275,193,3.8828571428571452,0.003578736127296468
micro_density_0.004,en::Sax Rohmer,236,192,3.992965679322504,0.0036802205195557115
micro_density_0.004,en::Algernon Blackwood,226,192,3.8896178937558274,0.003584967348945525
micro_density_0.004,es::Vicente Blasco Ibanez,219,192,3.840000000000003,0.003539235728540437
micro_density_0.004,en::Kate Chopin,268,191,4.675067903111371,0.004308897748969889
micro_density_0.004,ja::Kunikida Doppo,215,190,4.717633419212353,0.004348129362352274
micro_density_0.004,fr::Gaston Leroux,250,187,3.740000000000003,0.00344706813144303
micro_density_0.004,en::Joseph Sheridan Le Fanu,227,187,3.794085850556441,0.0034969177602705934
micro_density_0.004,en::William Dean Howells,223,187,3.8222016197783484,0.0035228313891678778
micro_density_0.004,en::Edgar Rice Burroughs,252,186,3.812208760484625,0.003513621210875528
micro_density_0.004,ja::Shimazaki Toson,227,182,5.289015063883476,0.004874758094501294
micro_density_0.004,en::Mary E. Wilkins Freeman,206,181,3.6900000000000013,0.0034009843328943246
micro_density_0.004,it::Matilde Serao,234,180,3.725,0.003433242991878416
micro_density_0.004,es::Pio Baroja,231,179,3.5800000000000027,0.0032995999760871784
micro_density_0.004,en::George Gissing,224,178,3.5600000000000027,0.003281166456667697
micro_density_0.004,ja::Izumi Kyoka,262,175,4.965478151879059,0.0045765618969836695
micro_density_0.004,en::John Buchan,197,174,3.7899582641111897,0.003493113463025887
micro_density_0.004,en::Frederick Douglass,234,171,3.5440760546642927,0.003266489738888668
micro_density_0.004,fr::Pierre Loti,177,171,3.42761904761905,0.00315915411384351
micro_density_0.004,ru::Alexander Pushkin,240,164,3.30761904761905,0.0030485529973266214
micro_density_0.004,de::Ludwig Ganghofer,180,164,3.3705014790650916,0.0031065102233868622
micro_density_0.004,en::Rudyard Kipling,204,161,3.538481047937572,0.0032613329556312118
micro_density_0.004,fr::George Sand,187,160,3.2000000000000024,0.002949363107117031
micro_density_0.004,de::Hermann Sudermann,185,160,3.5371321337121637,0.0032600896938027478
micro_density_0.004,ru::Nikolai Leskov,214,156,3.1476190476190498,0.0029010848419707695
micro_density_0.004,ja::Ryunosuke Akutagawa,177,155,4.204578223633947,0.0038752587168042543
micro_density_0.004,en::Samuel Butler,170,154,3.431708726056554,0.003162923472188368
micro_density_0.004,ja::Okamoto Kido,231,153,5.002119714650656,0.004610333544929189
micro_density_0.004,ja::Higuchi Ichiyo,222,152,3.5680076193156665,0.003288546886975652
micro_density_0.004,es::Jacinto Benavente,205,152,3.0400000000000023,0.002801894951761179
micro_density_0.004,ru::Leonid Andreyev,175,152,3.3161904761904766,0.0030564530770778257
micro_density_0.004,fr::Octave Mirbeau,226,150,3.000000000000002,0.0027650279129222163
micro_density_0.004,de::Theodor Storm,170,150,3.0603678370573055,0.002820667497757611
micro_density_0.004,de::Hermann Hesse,164,149,3.3641544775334133,0.003100660344587379
micro_density_0.004,fr::Emile Zola,225,148,2.963809523809526,0.002731672020639345
micro_density_0.004,en::Franklin D. Roosevelt,200,145,2.7002356902356954,0.0024887423516568264
micro_density_0.004,ru::Leo Tolstoy,161,145,2.900000000000002,0.002672860315824809
micro_density_0.004,de::Franz Kafka,168,142,3.1782828282828315,0.0029293469117877965
micro_density_0.004,de::Paul Heyse,148,140,2.8188235294117665,0.002598041913475149
micro_density_0.004,en::Arnold Bennett,140,139,2.8533333333333353,0.0026298487705126855
micro_density_0.004,en::Owen Wister,153,138,2.8937837084576232,0.002667130909281629
micro_density_0.004,es::Ruben Dario,214,137,2.740000000000002,0.0025253921604689576
micro_density_0.004,ru::Fyodor Dostoevsky,205,132,2.77809523809524,0.0025605036260298746
micro_density_0.004,en::Arthur Machen,158,132,2.677948577380628,0.0024682008552759237
micro_density_0.004,it::Vittorio Alfieri,229,130,2.600000000000002,0.0023963575245325875
micro_density_0.004,en::Jane Austen,209,125,2.566470588235296,0.0023654542713881627
micro_density_0.004,en::W. E. B. Du Bois,179,115,2.2701010101010115,0.00209229755269407
micro_density_0.004,pl::Boleslaw Prus,157,114,2.3111111111111113,0.0021300955773622984
micro_density_0.004,it::Emilio Salgari,200,107,2.1400000000000015,0.001972386577884514
micro_density_0.004,en::Lord Dunsany,113,100,2.1658528428093655,0.001996214521883275
micro_density_0.004,it::Giuseppe Giacosa,138,98,1.9600000000000013,0.001806484903109181
micro_density_0.004,it::Italo Svevo,191,97,2.01,0.0018525687016578835
micro_density_0.004,en::W. W. Jacobs,126,94,1.9159925442684076,0.001765924288617666
micro_density_0.004,es::Miguel de Cervantes,181,92,1.8400000000000012,0.0016958837865922926
micro_density_0.004,en::Gertrude Atherton,91,91,2.415625316712274,0.002226423809290334
micro_density_0.004,ja::Arishima Takeo,108,89,1.8225000000000013,0.0016797544571002464
micro_density_0.004,zh::Lu Xun,168,80,1.600000000000001,0.0014746815535585153
micro_density_0.004,it::Luigi Pirandello,99,78,1.560000000000001,0.0014378145147195523
micro_density_0.004,fr::Prosper Merimee,71,65,1.3076190476190483,0.001205201055378477
micro_density_0.004,en::Thomas Jefferson,154,59,1.0003802733214497,0.0009220264597568542
micro_density_0.004,en::Ernest Hemingway,124,25,0.5000000000000001,0.0004608379854870358
micro_density_0.004,en::Barack Obama,106,6,0.10505050505050506,9.682252624374085e-05
micro_density_0.008,fr::Victor Hugo,920,837,16.82761904761878,0.015485878994027584
micro_density_0.008,en::L. M. Montgomery,563,497,14.088179827418845,0.012964867307498316
micro_density_0.008,fr::Anatole France,540,474,9.579047619047502,0.008815268035651708
micro_density_0.008,fr::Charles Baudelaire,467,454,9.079999999999895,0.00835601167746107
micro_density_0.008,fr::Jules Barbey d'Aurevilly,465,449,9.021904761904661,0.00830254862812972
micro_density_0.008,it::Luigi Capuana,477,436,8.724999999999904,0.008029317388309237
micro_density_0.008,it::Alfredo Panzini,479,421,8.42499999999991,0.007753237707335856
micro_density_0.008,it::Antonio Fogazzaro,461,406,8.174999999999924,0.007523171306524714
micro_density_0.008,es::Benito Perez Galdos,419,390,7.799999999999922,0.007178071705307978
micro_density_0.008,ru::Ivan Turgenev,466,386,7.719999999999923,0.00710445045704841
micro_density_0.008,de::Rainer Maria Rilke,401,386,8.31395764442269,0.007651049246994882
micro_density_0.008,en::Jack London,431,381,7.826591813983041,0.0072025432370445225
micro_density_0.008,de::Jakob Wassermann,409,379,8.527146376954802,0.007847239504543503
micro_density_0.008,de::Ricarda Huch,379,376,7.718135740228695,0.007102734842905437
micro_density_0.008,en::Nathaniel Hawthorne,445,374,7.487027027026956,0.00689005344353575
micro_density_0.008,es::Jose Maria de Pereda,462,369,7.379999999999931,0.006791560151945246
micro_density_0.008,es::Juan Valera,455,369,7.379999999999931,0.006791560151945246
micro_density_0.008,en::Elizabeth Cleghorn Gaskell,412,366,7.356666666666598,0.006770087287869538
micro_density_0.008,en::Katherine Mansfield,435,362,7.928677735308103,0.007296489399015514
micro_density_0.008,en::Willa Cather,423,359,7.802711848371453,0.007180567326085513
micro_density_0.008,en::Sarah Orne Jewett,377,357,10.683588730110417,0.009831739227532506
micro_density_0.008,it::Edmondo De Amicis,417,353,7.059999999999937,0.006497075158906973
micro_density_0.008,de::E. T. A. Hoffmann,404,350,7.3481510038828235,0.0067622506163208
micro_density_0.008,en::Washington Irving,427,344,6.906773618538265,0.006356066190538157
micro_density_0.008,en::D. H. Lawrence,393,343,7.613421325051703,0.007006369768454174
micro_density_0.008,en::Sinclair Lewis,379,333,7.085175399313277,0.006520243212942987
micro_density_0.008,en::Abraham Lincoln,377,329,6.910825906119975,0.006359795371414059
micro_density_0.008,de::Wilhelm Hauff,413,327,6.613566242239247,0.006086237527512568
micro_density_0.008,fr::Edmond About,363,323,6.505714285714234,0.005986985081679963
micro_density_0.008,ja::Izumi Kyoka,414,322,9.112730473860431,0.008386132406732819
micro_density_0.008,en::Richard Harding Davis,357,320,6.535472860472813,0.006014370874431868
micro_density_0.008,en::Edith Wharton,377,317,6.355316091953976,0.005848578797172279
micro_density_0.008,de::Ludwig Tieck,410,316,6.503266049955474,0.005984732054522544
micro_density_0.008,en::Stephen Crane,359,316,6.385911330049215,0.005876734542414407
micro_density_0.008,en::Gene Stratton-Porter,327,316,6.704454784346041,0.0061698791265425
micro_density_0.008,en::Virginia Woolf,345,314,6.494917541229337,0.005977049209103492
micro_density_0.008,en::James Joyce,402,312,6.556030020703885,0.006033288921892911
micro_density_0.008,de::Gustav Meyrink,363,312,6.598431723315402,0.006072309750325298
micro_density_0.008,de::Marie von Ebner-Eschenbach,319,310,7.292327983613861,0.0067108786108980465
micro_density_0.008,fr::Romain Rolland,377,309,6.187619047619004,0.005694252975505015
micro_density_0.008,en::F. Scott Fitzgerald,387,308,6.470476190476142,0.005954556674708489
micro_density_0.008,de::Arthur Schnitzler,371,308,6.534591341171331,0.006013559642540117
micro_density_0.008,en::George MacDonald,344,304,6.21852941176466,0.005722698720412029
micro_density_0.008,de::Adalbert Stifter,348,300,6.208495796648973,0.005713465129544866
micro_density_0.008,en::Frances Hodgson Burnett,346,300,6.572340196035807,0.006048298615233768
micro_density_0.008,en::James Baldwin,371,299,6.186554230083598,0.005693273060553449
micro_density_0.008,en::Henry James,387,298,5.98896551724134,0.00551143896453534
micro_density_0.008,fr::Paul Bourget,322,297,5.951428571428533,0.005476895004452957
micro_density_0.008,en::George Eliot,316,296,6.008698444895159,0.005529598499106465
micro_density_0.008,fr::Joris-Karl Huysmans,355,294,5.895238095238057,0.005425184841984927
micro_density_0.008,ru::Ivan Goncharov,359,292,5.839999999999963,0.005374351122948558
micro_density_0.008,en::R. Austin Freeman,326,286,6.091407269338262,0.005605712585326251
micro_density_0.008,it::Sibilla Aleramo,336,285,5.819999999999961,0.005355945810883664
micro_density_0.008,en::Arthur Conan Doyle,320,285,5.786896551724103,0.005325481846086604
micro_density_0.008,en::Bram Stoker,320,284,5.791390808967499,0.005329617756439834
micro_density_0.008,de::Karl May,305,284,5.883824831499216,0.0054146816079453115
micro_density_0.008,zh::Li Boyuan,379,280,5.599999999999969,0.005153487378169854
micro_density_0.008,en::Ambrose Bierce,301,280,5.614054054054023,0.00516642084070194
micro_density_0.008,it::Alessandro Manzoni,339,279,5.579999999999969,0.005135082066104962
micro_density_0.008,fr::Alphonse Daudet,317,279,5.587619047619016,0.005142093613558254
micro_density_0.008,en::Frank Norris,306,279,5.6016666666666355,0.005155021154175261
micro_density_0.008,ru::Nikolai Gogol,366,277,5.595238095238064,0.005149105161011545
micro_density_0.008,en::Thomas Hardy,339,274,5.506509785647688,0.005067451549661483
micro_density_0.008,en::Wilkie Collins,322,274,5.6116737477842635,0.005164230326716693
micro_density_0.008,fr::Marcel Proust,313,274,5.495238095238066,0.005057078600687086
micro_density_0.008,en::Elizabeth von Arnim,302,271,5.6186212449330615,0.005170623869371372
micro_density_0.008,en::Stanley J. Weyman,302,270,5.461414396140533,0.00502595181383313
micro_density_0.008,it::Federico De Roberto,294,270,5.399999999999973,0.004969434257520933
micro_density_0.008,de::Heinrich von Kleist,286,270,5.4200079507056,0.004987846886346735
micro_density_0.008,en::Robert Louis Stevenson,296,267,5.409904610492818,0.004978549129871035
micro_density_0.008,pl::Maria Konopnicka,350,266,5.3199999999999745,0.004895813009261365
micro_density_0.008,en::Charles Dickens,341,266,5.442225755166904,0.005008293167572089
micro_density_0.008,en::Anna Katharine Green,306,264,5.361372777442731,0.004933886953252629
micro_density_0.008,en::Benjamin Harrison,353,262,4.610411962764907,0.004242803546120068
micro_density_0.008,en::R. D. Blackmore,316,262,5.351732909379941,0.004925015714254627
micro_density_0.008,de::Clara Viebig,328,261,5.975569522436804,0.0054991110912954826
micro_density_0.008,en::E. M. Forster,276,261,5.679166666666644,0.0052263417384267275
micro_density_0.008,fr::Voltaire,343,260,5.234285714285691,0.004816933100411828
micro_density_0.008,fr::Jules Verne,340,260,5.2609523809523555,0.004841473516498349
micro_density_0.008,it::Salvatore Farina,336,260,5.209999999999977,0.004794583792904459
micro_density_0.008,de::Johann Wolfgang von Goethe,308,257,5.277475650964001,0.00485667931354319
micro_density_0.008,en::G. K. Chesterton,301,257,5.157037037037016,0.004745843799843727
micro_density_0.008,en::Anthony Trollope,288,257,5.206240582014217,0.0047911241298439445
micro_density_0.008,en::Hamlin Garland,289,255,5.169890109890088,0.004757672040686406
micro_density_0.008,de::Wilhelm Raabe,309,254,5.497173524150249,0.0050588597093424925
micro_density_0.008,en::Frank R. Stockton,274,254,5.114999999999979,0.004707158560596222
micro_density_0.008,en::Joseph Conrad,272,254,5.371461055186666,0.00494317084825635
micro_density_0.008,fr::Alexandre Dumas,292,251,5.061904761904741,0.004658296839281091
micro_density_0.008,en::Louisa May Alcott,335,250,5.049999999999979,0.004647341296385322
micro_density_0.008,en::O. Henry,277,250,5.232150236070753,0.004814967893264142
micro_density_0.008,en::Margaret Oliphant,272,248,5.024558823529392,0.004623928656773363
micro_density_0.008,en::Theodore Roosevelt,258,248,5.477461572244174,0.00504071947803052
micro_density_0.008,en::Stephen Leacock,262,247,4.963478260869548,0.004567718315930681
micro_density_0.008,pl::Stefan Zeromski,341,246,5.0155555555555535,0.004615643258940246
micro_density_0.008,it::Giovanni Pascoli,320,243,4.859999999999984,0.004472490831768848
micro_density_0.008,de::Gotthold Ephraim Lessing,309,243,4.876597097992432,0.004487764570164978
micro_density_0.008,ru::Alexander Kuprin,309,243,4.915238095238078,0.004523324550805216
micro_density_0.008,fr::Guy de Maupassant,289,243,4.867619047619032,0.0044795023792221405
micro_density_0.008,en::Anthony Hope,261,243,4.90761494252872,0.004516309225578512
micro_density_0.008,es::Eduardo Zamacois,317,241,4.819999999999985,0.004435680207639064
micro_density_0.008,en::William Morris,330,240,4.8382352941176325,0.004452461521580584
micro_density_0.008,ru::Ivan Bunin,266,240,4.799999999999986,0.004417274895574172
micro_density_0.008,en::Grover Cleveland,334,239,3.284824717765899,0.00302291120044768
micro_density_0.008,de::Thomas Mann,244,239,5.125151515151504,0.004716500650810987
micro_density_0.008,en::H. G. Wells,308,237,4.997037037037019,0.00459860130332459
micro_density_0.008,fr::Gaston Leroux,305,237,4.739999999999987,0.004362058959379495
micro_density_0.008,en::Marie Corelli,296,237,4.763894523326559,0.004384048267302866
micro_density_0.008,en::Charles Reade,271,235,4.75634075251721,0.004377096791852229
micro_density_0.008,fr::Jean Lorrain,291,232,4.647619047619036,0.004277043946508328
micro_density_0.008,en::Mark Twain,280,232,4.715650215432812,0.004339650690195908
micro_density_0.008,ru::Maxim Gorky,297,231,4.730476190476177,0.00435329452506288
micro_density_0.008,ru::Anton Chekhov,288,229,5.10476190476188,0.004697736793705857
micro_density_0.008,de::Friedrich Schiller,262,228,4.80671876079536,0.004423457940030583
micro_density_0.008,es::Leopoldo Alas,290,227,4.539999999999991,0.004178005838730575
micro_density_0.008,fr::Stendhal,232,227,4.61238095238094,0.004244615539536849
micro_density_0.008,de::Gustav Freytag,229,227,4.569409840805182,0.004205070703620493
micro_density_0.008,zh::Wu Jianren,325,226,4.519999999999992,0.004159600526665683
micro_density_0.008,de::Friedrich Nietzsche,280,225,4.581419615496216,0.004216122886171369
micro_density_0.008,en::George Meredith,291,224,4.544999999999992,0.004182607166746799
micro_density_0.008,en::Israel Zangwill,247,224,4.709222661396563,0.004333735633303352
micro_density_0.008,fr::Denis Diderot,251,222,4.516190476190467,0.004156094752939037
micro_density_0.008,de::Gerhart Hauptmann,234,222,4.665053513138321,0.004293088285436679
micro_density_0.008,es::Concha Espina,298,220,4.399999999999994,0.004049168654276331
micro_density_0.008,it::Silvio Pellico,290,218,4.359999999999995,0.0040123580301465464
micro_density_0.008,fr::Emile Gaboriau,266,218,4.371428571428567,0.004022875351326486
micro_density_0.008,en::Booth Tarkington,234,218,4.383333333333328,0.004033830894222255
micro_density_0.008,en::Jerome K. Jerome,225,217,4.592884638761691,0.004226673752722985
micro_density_0.008,en::Mary Wollstonecraft Shelley,287,216,4.319999999999996,0.003975547406016763
micro_density_0.008,en::Herman Melville,272,215,4.314054054054051,0.003970075556483958
micro_density_0.008,pl::Eliza Orzeszkowa,313,214,4.35777777777777,0.004010312995472667
micro_density_0.008,ja::Kunikida Doppo,237,213,5.263927125506048,0.004844211071589551
micro_density_0.008,en::Harold Frederic,231,210,4.250475302889094,0.0039115662186895985
micro_density_0.008,en::H. Rider Haggard,222,210,4.245145428233661,0.003906661318374599
micro_density_0.008,en::William McKinley,302,209,3.5073737373737397,0.0032277154082285884
micro_density_0.008,en::John Adams,272,209,4.15010101010101,0.0038191952095867204
micro_density_0.008,es::Ruben Dario,289,208,4.159999999999999,0.0038283049094976263
micro_density_0.008,zh::Feng Menglong,300,207,4.14,0.003809899597432734
micro_density_0.008,es::Miguel de Unamuno,292,207,4.14,0.003809899597432734
micro_density_0.008,ja::Ryunosuke Akutagawa,230,207,5.644637228096945,0.005194565483811686
micro_density_0.008,en::Edgar Allan Poe,252,204,4.094054054054055,0.0037676171237701448
micro_density_0.008,en::Alice Brown,222,203,4.177261904761904,0.003844190446696492
micro_density_0.008,de::Franz Kafka,237,201,4.456060606060603,0.004100759301730957
micro_density_0.008,en::Joseph Sheridan Le Fanu,242,200,4.05408585055644,0.0037308357608678085
micro_density_0.008,de::Stefan Zweig,221,200,4.223255813953489,0.0038865170592842636
micro_density_0.008,en::Mary Roberts Rinehart,255,199,4.251397872492324,0.00391241522776205
micro_density_0.008,en::William Dean Howells,237,199,4.07803495311168,0.0037528752961779733
micro_density_0.008,ja::Shimazaki Toson,234,199,5.389715423894977,0.004959969715887554
micro_density_0.008,en::Robert W. Chambers,219,199,4.049456521739132,0.003726575548791131
micro_density_0.008,en::Calvin Coolidge,264,197,4.743270385009523,0.0043650685822131385
micro_density_0.008,en::Woodrow Wilson,267,195,4.520320597277113,0.004159895561312312
micro_density_0.008,ru::Nikolai Leskov,255,194,3.9076190476190504,0.0035960474001073203
micro_density_0.008,en::Algernon Blackwood,230,194,3.9225908667288008,0.003609825450252024
micro_density_0.008,en::Agatha Christie,216,192,3.8676449275362357,0.0035592605923751358
micro_density_0.008,en::P. G. Wodehouse,231,191,3.8714285714285745,0.0035627425497041817
micro_density_0.008,de::Theodor Fontane,214,190,3.8613601127554653,0.0035534768935096294
micro_density_0.008,ru::Alexander Pushkin,267,188,3.7876190476190503,0.0034856155277179653
micro_density_0.008,fr::Gustave Flaubert,221,186,3.754285714285717,0.0034549400076098117
micro_density_0.008,it::Matilde Serao,241,185,3.835,0.0035292185884431247
micro_density_0.008,en::E. Phillips Oppenheim,217,185,3.802212643678164,0.0034990455121988143
micro_density_0.008,es::Vicente Blasco Ibanez,214,185,3.700000000000003,0.0034049827320051036
micro_density_0.008,en::E. Nesbit,197,185,4.715674632273086,0.004339673160174152
micro_density_0.008,en::Edgar Rice Burroughs,250,182,3.732208760484625,0.003434623346402246
micro_density_0.008,es::Pio Baroja,235,182,3.640000000000003,0.0033497667958104264
micro_density_0.008,ru::Fyodor Dostoevsky,262,181,3.758095238095241,0.0034584457813364574
micro_density_0.008,en::Sax Rohmer,218,178,3.6894874184529383,0.0033953083648060357
micro_density_0.008,es::Emilia Pardo Bazan,230,177,3.5400000000000027,0.003257740235485964
micro_density_0.008,fr::Pierre Loti,183,177,3.5552380952380975,0.0032717633303925484
micro_density_0.008,en::Mary E. Wilkins Freeman,201,176,3.5750000000000015,0.0032899495315995247
micro_density_0.008,de::Heinrich Heine,191,175,4.133844049247604,0.0038042344877000367
micro_density_0.008,en::Rudyard Kipling,218,174,3.7984810479375724,0.0034956114529935333
micro_density_0.008,en::John Buchan,198,172,3.7779085746701964,0.0034766793134718976
micro_density_0.008,fr::Andre Gide,212,170,3.4228571428571453,0.0031499376933915935
micro_density_0.008,ru::Leonid Andreyev,194,170,3.7866666666666666,0.0034847390842863016
micro_density_0.008,ja::Higuchi Ichiyo,239,169,3.992623939527962,0.003674274478238619
micro_density_0.008,en::George Gissing,214,169,3.3800000000000026,0.003110497738966824
micro_density_0.008,it::Annie Vivanti,220,167,3.3500000000000023,0.0030828897708694855
micro_density_0.008,ru::Leo Tolstoy,184,167,3.3400000000000025,0.0030736871148370395
micro_density_0.008,it::Gabriele D'Annunzio,190,165,3.3050000000000024,0.0030414778187234774
micro_density_0.008,en::Samuel Butler,180,164,3.7021435086652494,0.0034069553292999867
micro_density_0.008,fr::Villiers de l'Isle-Adam,231,163,3.336190476190479,0.0030701813411103934
micro_density_0.008,fr::Honore de Balzac,171,162,3.262857142857145,0.003002695196872454
micro_density_0.008,en::Frederick Douglass,222,161,3.305252525252528,0.0030417102090273276
micro_density_0.008,en::Kate Chopin,235,159,3.5808062227627464,0.0032952927986928545
micro_density_0.008,de::Theodor Storm,173,155,3.1803678370573056,0.002926783126109335
micro_density_0.008,en::Owen Wister,168,153,3.217261969327189,0.0029607355269988655
micro_density_0.008,ja::Okamoto Kido,231,152,5.023706401957158,0.004623144202520973
micro_density_0.008,it::Emilio Salgari,246,150,3.000000000000002,0.0027607968097338675
micro_density_0.008,fr::Octave Feuillet,190,150,3.0533333333333346,0.002809877641906913
micro_density_0.008,es::Jacinto Benavente,196,147,2.940000000000002,0.00270558087353919
micro_density_0.008,en::Franklin D. Roosevelt,201,146,2.7052861952862006,0.0024895818324544034
micro_density_0.008,en::Arthur Machen,172,146,2.981426838250193,0.0027437045678320197
micro_density_0.008,en::Gertrude Atherton,143,143,4.262989257119689,0.003923082380328593
micro_density_0.008,en::Arnold Bennett,140,139,2.8533333333333353,0.0026258245212579896
micro_density_0.008,ja::Mori Ogai,149,136,3.457724775224778,0.003182025176126105
micro_density_0.008,pl::Boleslaw Prus,181,135,2.737777777777778,0.0025194827182163874
micro_density_0.008,de::Ludwig Ganghofer,148,135,2.781089714359209,0.0025593412036621905
micro_density_0.008,fr::Octave Mirbeau,210,134,2.680000000000002,0.0024663118166955884
micro_density_0.008,en::Jane Austen,211,127,2.606470588235296,0.002398645228221719
micro_density_0.008,de::Hermann Sudermann,149,127,2.8383086043003987,0.002611997779930907
micro_density_0.008,ja::Arishima Takeo,165,126,2.668966165413536,0.0024561577582537727
micro_density_0.008,it::Vittorio Alfieri,224,125,2.5000000000000018,0.002300664008111556
micro_density_0.008,de::Paul Heyse,131,122,2.458823529411766,0.002262770718566189
micro_density_0.008,it::Luigi Pirandello,154,121,2.4200000000000017,0.0022270427598519867
micro_density_0.008,fr::Marcel Schwob,143,120,2.4380952380952396,0.002243695185053556
micro_density_0.008,it::Italo Svevo,215,118,2.43,0.0022362454158844315
micro_density_0.008,fr::Emile Zola,190,118,2.3638095238095254,0.002175332597383955
micro_density_0.008,de::Hermann Hesse,130,116,2.675257637938899,0.002461947584012623
micro_density_0.008,ja::Natsume Soseki,135,115,3.1112225854640716,0.002863151129440386
micro_density_0.008,es::Miguel de Cervantes,203,112,2.2400000000000015,0.0020613949512679544
micro_density_0.008,en::W. E. B. Du Bois,176,112,2.2101010101010115,0.0020338799392921555
micro_density_0.008,en::Lord Dunsany,120,107,2.3275195094760326,0.0021419361454515875
micro_density_0.008,zh::Lu Xun,196,101,2.0200000000000014,0.0018589365185541374
micro_density_0.008,en::W. W. Jacobs,129,98,1.9959925442684077,0.0018368432828229338
micro_density_0.008,it::Giuseppe Giacosa,131,92,1.8400000000000012,0.0016932887099701053
micro_density_0.008,fr::George Sand,96,83,1.660000000000001,0.0015276409013860732
micro_density_0.008,en::Thomas Jefferson,166,71,1.2582293523469992,0.0011579051939577011
micro_density_0.008,fr::Prosper Merimee,57,52,1.0438095238095244,0.0009605820011010535
micro_density_0.008,en::Ernest Hemingway,133,34,0.6800000000000003,0.0006257806102063431
micro_density_0.008,en::Barack Obama,106,6,0.10505050505050506,9.667436640145524e-05
micro_density_0.012,fr::Victor Hugo,1522,1433,28.81619047618997,0.02643847604327434
micro_density_0.012,fr::Jules Barbey d'Aurevilly,587,565,11.357142857142707,0.010420029309450636
micro_density_0.012,fr::Charles Baudelaire,575,556,11.119999999999852,0.010202453854687264
micro_density_0.012,fr::Anatole France,587,520,10.491428571428434,0.009625747830013269
micro_density_0.012,en::L. M. Montgomery,532,468,13.289899195007791,0.012193307848067825
micro_density_0.012,it::Edmondo De Amicis,535,461,9.229999999999894,0.008468403694133418
micro_density_0.012,es::Jose Maria de Pereda,541,445,8.899999999999899,0.008165633031179571
micro_density_0.012,de::Ludwig Tieck,541,444,9.21284875483225,0.008452667652103443
micro_density_0.012,it::Alfredo Panzini,507,444,8.8849999999999,0.008151870728318033
micro_density_0.012,es::Juan Valera,521,428,8.559999999999906,0.007853687499651365
micro_density_0.012,de::E. T. A. Hoffmann,478,425,8.905285422891357,0.008170482337218473
micro_density_0.012,ja::Izumi Kyoka,517,421,11.668101248596496,0.010705329546818902
micro_density_0.012,it::Antonio Fogazzaro,440,385,7.744999999999931,0.007105935710841116
micro_density_0.012,de::Rainer Maria Rilke,393,379,8.132745523210572,0.007461687132416492
micro_density_0.012,de::Jakob Wassermann,406,376,8.412093586607893,0.00771798530923371
micro_density_0.012,en::Elizabeth Cleghorn Gaskell,413,367,7.376666666666598,0.006767994718352219
micro_density_0.012,fr::Romain Rolland,434,364,7.295238095238028,0.006693285074246724
micro_density_0.012,en::Jack London,410,362,7.423113553113485,0.006810609126236057
micro_density_0.012,en::Nathaniel Hawthorne,427,358,7.167027027026963,0.006575653104185253
micro_density_0.012,de::Ricarda Huch,361,358,7.348555320648283,0.006742202927835583
micro_density_0.012,de::Gustav Meyrink,413,357,7.618423772609757,0.00698980368574681
micro_density_0.012,es::Benito Perez Galdos,377,354,7.079999999999937,0.006495806950646236
micro_density_0.012,en::Sarah Orne Jewett,368,348,10.480110469240852,0.009615363620005046
micro_density_0.012,de::Karl May,370,344,7.111372336433837,0.006524590657011397
micro_density_0.012,en::Willa Cather,406,341,7.3633077741847766,0.006755738110070249
micro_density_0.012,ru::Ivan Turgenev,413,338,6.759999999999944,0.006202211156266749
micro_density_0.012,en::Katherine Mansfield,409,338,7.355071269310343,0.006748181225096749
micro_density_0.012,en::Henry James,425,336,6.748965517241324,0.0061920871633571115
micro_density_0.012,en::D. H. Lawrence,384,334,7.4334213250517065,0.006820066371518822
micro_density_0.012,en::Richard Harding Davis,371,334,6.815472860472807,0.006253106776694978
micro_density_0.012,en::Washington Irving,410,329,6.606773618538272,0.006061627965063202
micro_density_0.012,fr::Voltaire,415,328,6.617142857142803,0.006071141605204477
micro_density_0.012,it::Luigi Capuana,356,325,6.504999999999949,0.005968252007620595
micro_density_0.012,en::Sinclair Lewis,365,319,6.752675399313284,0.006195490931400772
micro_density_0.012,fr::Edmond About,359,319,6.437142857142807,0.005905993970866015
micro_density_0.012,en::Abraham Lincoln,363,315,6.606951871657712,0.006061791509957585
micro_density_0.012,de::Adalbert Stifter,361,315,6.537764682497881,0.005998313173200508
micro_density_0.012,en::George Eliot,335,315,6.388698444895152,0.005861546859312584
micro_density_0.012,de::Heinrich von Kleist,330,314,6.310093420791052,0.005789427782768639
micro_density_0.012,en::Gene Stratton-Porter,325,314,6.686121451012708,0.006134428558524524
micro_density_0.012,es::Ruben Dario,399,310,6.199999999999956,0.0056884185161026465
micro_density_0.012,en::Virginia Woolf,339,308,6.321439280359775,0.005799837459809256
micro_density_0.012,en::Bram Stoker,343,306,6.268417835994516,0.005751190981441861
micro_density_0.012,en::James Joyce,390,300,6.271863354037224,0.005754352198963105
micro_density_0.012,ru::Nikolai Gogol,388,300,6.055238095238054,0.005555601371026212
micro_density_0.012,en::Edith Wharton,361,300,6.015316091953983,0.005518973457690563
micro_density_0.012,fr::Marcel Proust,341,300,6.019047619047579,0.005522397084757103
micro_density_0.012,en::George MacDonald,339,299,6.118529411764662,0.005613670322129191
micro_density_0.012,de::Johann Wolfgang von Goethe,349,298,6.126372490558498,0.00562086624384437
micro_density_0.012,en::Stanley J. Weyman,330,298,6.021414396140521,0.0055245685716343584
micro_density_0.012,fr::Gaston Leroux,368,294,5.879999999999963,0.005394822721723159
micro_density_0.012,en::Frances Hodgson Burnett,338,293,6.392211990907605,0.0058647704916020066
micro_density_0.012,fr::Joris-Karl Huysmans,352,290,5.811428571428536,0.00533190933721327
micro_density_0.012,de::Wilhelm Raabe,346,290,6.32265951103157,0.005800957005413668
micro_density_0.012,en::Anna Katharine Green,336,290,5.895426831496773,0.005408976636873362
micro_density_0.012,en::Ambrose Bierce,310,289,5.794054054054019,0.005315968445867858
micro_density_0.012,it::Sibilla Aleramo,340,288,5.874999999999961,0.005390235287435978
micro_density_0.012,en::Robert Louis Stevenson,317,287,5.80990461049281,0.005330511123083494
micro_density_0.012,en::F. Scott Fitzgerald,361,286,6.0304761904761515,0.005532882648842086
micro_density_0.012,en::Arthur Conan Doyle,318,283,5.746896551724104,0.005272702057250657
micro_density_0.012,en::Charles Dickens,355,279,5.702225755166898,0.005231717188498228
micro_density_0.012,de::Gotthold Ephraim Lessing,345,279,5.5988193202146395,0.005136843143455228
micro_density_0.012,en::R. D. Blackmore,334,279,5.691732909379934,0.005222090140391586
micro_density_0.012,en::Stephen Crane,322,279,5.63142857142854,0.005166761702874808
micro_density_0.012,de::Franz Kafka,318,277,6.030590520590494,0.005532987545219405
micro_density_0.012,fr::Jules Verne,356,276,5.59238095238092,0.005130936025584452
micro_density_0.012,en::Thomas Hardy,341,276,5.546509785647687,0.005088849832971459
micro_density_0.012,en::James Baldwin,347,275,5.760327254444866,0.0052850245504830855
micro_density_0.012,en::Wilkie Collins,322,275,5.646156506404952,0.005180274389652836
micro_density_0.012,zh::Li Boyuan,373,274,5.479999999999971,0.0050278279787488
micro_density_0.012,en::Elizabeth von Arnim,307,274,5.67862124493306,0.005210060360582469
micro_density_0.012,en::R. Austin Freeman,311,273,5.810326188257187,0.005330897915141698
micro_density_0.012,en::Anthony Trollope,301,267,5.406240582014212,0.004960154682134744
micro_density_0.012,en::E. M. Forster,283,267,5.834999999999975,0.005353535813138554
micro_density_0.012,de::Clara Viebig,334,266,5.996235277110765,0.005501467060842742
micro_density_0.012,ru::Ivan Bunin,296,265,5.299999999999975,0.004862680344410338
micro_density_0.012,en::Benjamin Harrison,355,264,4.635462467815412,0.004252975892358104
micro_density_0.012,en::Margaret Oliphant,288,264,5.345392156862719,0.004904327051762575
micro_density_0.012,de::Wilhelm Hauff,345,263,5.334762823435852,0.0048945747780401215
micro_density_0.012,ru::Ivan Goncharov,323,260,5.199999999999977,0.004770931658666749
micro_density_0.012,it::Salvatore Farina,333,258,5.169999999999978,0.004743407052943672
micro_density_0.012,en::Frank Norris,281,256,5.141666666666645,0.004717411591982988
micro_density_0.012,en::Louisa May Alcott,339,254,5.129999999999978,0.004706707578646235
micro_density_0.012,en::G. K. Chesterton,298,253,5.077037037037018,0.004658114756196854
micro_density_0.012,en::Marie Corelli,312,252,5.063894523326552,0.00464605667259383
micro_density_0.012,en::Hamlin Garland,287,252,5.133368370759654,0.004709798014549209
micro_density_0.012,de::Friedrich Schiller,295,251,5.271326194705113,0.004836372504899626
micro_density_0.012,en::Charles Reade,291,251,5.076340752517203,0.004657475924300888
micro_density_0.012,pl::Maria Konopnicka,323,250,4.999999999999981,0.004587434287179569
micro_density_0.012,en::Anthony Hope,267,250,5.049281609195384,0.004632649515929644
micro_density_0.012,en::Joseph Conrad,268,249,5.271461055186668,0.00483649623761904
micro_density_0.012,en::O. Henry,275,248,5.150210436739651,0.004725250388737925
micro_density_0.012,en::William Morris,337,247,4.9782352941176296,0.004567465455576553
micro_density_0.012,ru::Fyodor Dostoevsky,330,247,5.078095238095218,0.004659085641760277
micro_density_0.012,it::Alessandro Manzoni,305,247,4.939999999999983,0.004532385075733415
micro_density_0.012,de::Friedrich Nietzsche,296,247,5.042292503058562,0.004626237102903885
micro_density_0.012,en::Frank R. Stockton,266,247,4.974999999999982,0.004564497115743671
micro_density_0.012,en::Theodore Roosevelt,256,246,5.437461572244175,0.004988799530346869
micro_density_0.012,it::Giovanni Pascoli,322,244,4.879999999999984,0.004477335864287261
micro_density_0.012,de::Marie von Ebner-Eschenbach,250,242,5.883732803144544,0.005398247519549708
micro_density_0.012,ja::Ryunosuke Akutagawa,267,241,6.468993808049482,0.005935216799719726
micro_density_0.012,it::Silvio Pellico,313,240,4.799999999999986,0.00440393691569239
micro_density_0.012,en::H. G. Wells,310,240,5.110515297906582,0.00468883062055449
micro_density_0.012,de::Gustav Freytag,242,240,4.858469669865005,0.004457582069352161
micro_density_0.012,pl::Stefan Zeromski,333,239,4.877777777777777,0.004475297004604085
micro_density_0.012,en::Grover Cleveland,332,237,3.152228163992875,0.002892127912102814
micro_density_0.012,en::Mark Twain,285,237,4.81565021543281,0.004418295782668047
micro_density_0.012,en::H. Rider Haggard,249,236,4.7721724552606775,0.004378405509119364
micro_density_0.012,en::Israel Zangwill,259,235,5.004367588932789,0.004591441492624103
micro_density_0.012,en::Stephen Leacock,248,234,4.703478260869553,0.00431537948858336
micro_density_0.012,ru::Nikolai Leskov,296,232,4.667619047619036,0.004282479131708018
micro_density_0.012,fr::Alexandre Dumas,267,231,4.66190476190475,0.004277236349665527
micro_density_0.012,de::Arthur Schnitzler,288,229,4.948950315530336,0.004540596872602419
micro_density_0.012,en::George Meredith,295,227,4.628478260869556,0.004246567974275668
micro_density_0.012,en::Harold Frederic,248,226,4.570475302889087,0.004193351022636181
micro_density_0.012,ja::Kunikida Doppo,253,225,5.563577475156389,0.00510450921378249
micro_density_0.012,ru::Alexander Pushkin,300,219,4.4076190476190416,0.004043932548774685
micro_density_0.012,en::Booth Tarkington,235,218,4.384166666666662,0.004022415297475296
micro_density_0.012,en::Jerome K. Jerome,225,218,4.612884638761691,0.00423226103093188
micro_density_0.012,de::Thomas Mann,220,218,4.659696969696968,0.004275210729330938
micro_density_0.012,pl::Eliza Orzeszkowa,315,216,4.395555555555547,0.004032864453351646
micro_density_0.012,en::Mary Wollstonecraft Shelley,286,216,4.319999999999996,0.003963543224123158
micro_density_0.012,es::Concha Espina,289,212,4.2399999999999975,0.0038901442755282867
micro_density_0.012,en::William Dean Howells,251,212,4.343034953111674,0.003984677490864776
micro_density_0.012,en::John Adams,274,211,4.190101010101009,0.0038443626080966373
micro_density_0.012,zh::Feng Menglong,305,210,4.199999999999998,0.003853444801230851
micro_density_0.012,en::Joseph Sheridan Le Fanu,252,210,4.254085850556436,0.0039030678582896252
micro_density_0.012,en::William McKinley,301,208,3.5023232323232345,0.0032133355361490482
micro_density_0.012,es::Leopoldo Alas,266,207,4.14,0.003798395589784697
micro_density_0.012,it::Emilio Salgari,304,206,4.12,0.003780045852635979
micro_density_0.012,ru::Anton Chekhov,256,204,4.604761904761891,0.004224808529240616
micro_density_0.012,fr::Stendhal,208,204,4.156190476190474,0.0038132501389050865
micro_density_0.012,en::Mary Roberts Rinehart,260,203,4.307919611622758,0.003952459626554321
micro_density_0.012,fr::Alphonse Daudet,235,203,4.060000000000001,0.003724996641189825
micro_density_0.012,it::Luigi Pirandello,242,200,4.000000000000003,0.0036699474297436714
micro_density_0.012,ru::Leo Tolstoy,220,200,4.000000000000003,0.0036699474297436714
micro_density_0.012,en::Calvin Coolidge,264,197,4.743270385009523,0.004351888239511241
micro_density_0.012,en::Edgar Allan Poe,244,196,3.934054054054057,0.0036094428910370866
micro_density_0.012,en::Gertrude Atherton,196,196,5.996207053815735,0.005501441166340479
micro_density_0.012,en::Algernon Blackwood,232,194,3.930046598322463,0.003605766103071593
micro_density_0.012,ja::Shimazaki Toson,227,194,5.097181116097513,0.004676596683990009
micro_density_0.012,en::Woodrow Wilson,264,192,4.460320597277113,0.004092285527952472
micro_density_0.012,fr::Paul Bourget,214,192,3.8476190476190504,0.0035301399086105794
micro_density_0.012,en::Herman Melville,247,191,3.834054054054057,0.003517694205293495
micro_density_0.012,zh::Wu Jianren,284,190,3.800000000000003,0.003486450058256488
micro_density_0.012,en::Alice Brown,208,190,3.916428571428574,0.0035932717423722412
micro_density_0.012,es::Eduardo Zamacois,252,188,3.760000000000003,0.0034497505839590514
micro_density_0.012,ru::Alexander Kuprin,246,188,3.8152380952380978,0.003500430810369797
micro_density_0.012,es::Vicente Blasco Ibanez,218,188,3.760000000000003,0.0034497505839590514
micro_density_0.012,en::Robert W. Chambers,207,187,3.815978260869568,0.0035011099026089967
micro_density_0.012,it::Matilde Serao,242,186,3.86,0.0035414992697026405
micro_density_0.012,ru::Leonid Andreyev,211,186,4.106666666666665,0.0037678126945368314
micro_density_0.012,ru::Maxim Gorky,234,183,3.7704761904761925,0.003459362351036951
micro_density_0.012,en::Agatha Christie,206,183,3.7084782608695686,0.0034024800654346363
micro_density_0.012,it::Federico De Roberto,198,183,3.660000000000003,0.0033580018982154597
micro_density_0.012,en::Edgar Rice Burroughs,251,182,3.732208760484625,0.0034242524869518387
micro_density_0.012,es::Miguel de Unamuno,263,181,3.6200000000000028,0.003321302423918023
micro_density_0.012,ja::Higuchi Ichiyo,251,181,4.333666720276618,0.003976082260361212
micro_density_0.012,en::Rudyard Kipling,224,181,3.9384810479375725,0.0036135045997431614
micro_density_0.012,en::E. Nesbit,188,180,4.631909303399063,0.004249715910703795
micro_density_0.012,en::Sax Rohmer,214,176,3.6350046598322487,0.003335069002114405
micro_density_0.012,en::E. Phillips Oppenheim,208,176,3.622212643678164,0.0033233324954129242
micro_density_0.012,en::John Buchan,203,176,3.827908574670196,0.0035120558087261594
micro_density_0.012,fr::Denis Diderot,199,176,3.573333333333336,0.0032784863705710133
micro_density_0.012,en::P. G. Wodehouse,214,175,3.5514285714285743,0.0032583890394081317
micro_density_0.012,en::Samuel Butler,191,175,3.9271602310732763,0.0036031178990547307
micro_density_0.012,en::Mary E. Wilkins Freeman,195,171,3.4750000000000014,0.0031882668295898134
micro_density_0.012,es::Pio Baroja,222,168,3.3600000000000025,0.003082755840984684
micro_density_0.012,ja::Arishima Takeo,222,166,3.6919982648930048,0.003387359885715542
micro_density_0.012,en::George Gissing,210,165,3.3000000000000025,0.003027706629538529
micro_density_0.012,en::Owen Wister,181,165,3.451573563530088,0.0031667733820121106
micro_density_0.012,pl::Boleslaw Prus,214,162,3.2933333333333334,0.003021590050488954
micro_density_0.012,fr::Emile Gaboriau,198,158,3.1790476190476213,0.002916734409639137
micro_density_0.012,de::Gerhart Hauptmann,168,158,3.324367286460314,0.003050063294617241
micro_density_0.012,en::Frederick Douglass,216,156,3.205252525252528,0.0029407770666824797
micro_density_0.012,de::Theodor Storm,169,155,3.2075573795409658,0.002942891740200426
micro_density_0.012,fr::Pierre Loti,161,155,3.1152380952380976,0.0028581900101646547
micro_density_0.012,de::Theodor Fontane,175,154,3.088181818181821,0.002833366231554376
micro_density_0.012,en::Arthur Machen,179,153,3.1214268382501933,0.002863868100542301
micro_density_0.012,it::Italo Svevo,247,149,3.0700000000000003,0.0028166846523282663
micro_density_0.012,en::Franklin D. Roosevelt,201,146,2.7052861952862006,0.002482064529777905
micro_density_0.012,fr::Guy de Maupassant,181,146,2.923809523809526,0.0026825568117412077
micro_density_0.012,ja::Okamoto Kido,212,143,4.831061399900395,0.004432435341874576
micro_density_0.012,it::Annie Vivanti,186,141,2.820000000000002,0.0025873129379692886
micro_density_0.012,fr::Jean Lorrain,192,139,2.780000000000002,0.0025506134636718515
micro_density_0.012,zh::Lu Xun,238,138,2.760000000000002,0.002532263726523133
micro_density_0.012,en::Kate Chopin,213,137,2.8888795986622093,0.002650509064487324
micro_density_0.012,it::Gabriele D'Annunzio,156,137,2.745000000000002,0.0025185014236615943
micro_density_0.012,de::Stefan Zweig,154,137,2.923255813953491,0.0026820487902254626
micro_density_0.012,en::Arnold Bennett,138,137,2.8133333333333352,0.0025811963589197156
micro_density_0.012,es::Jacinto Benavente,181,136,2.720000000000002,0.0024955642522256965
micro_density_0.012,en::Jane Austen,217,132,2.729948849104861,0.002504692190526018
micro_density_0.012,es::Miguel de Cervantes,220,128,2.560000000000002,0.00234876635503595
micro_density_0.012,fr::Gustave Flaubert,153,128,2.579047619047621,0.002366242295177586
micro_density_0.012,fr::Honore de Balzac,135,126,2.5314285714285734,0.002322552444823495
micro_density_0.012,it::Vittorio Alfieri,219,120,2.4000000000000017,0.0022019684578462027
micro_density_0.012,fr::Octave Mirbeau,187,114,2.2800000000000016,0.0020918700349538927
micro_density_0.012,es::Emilia Pardo Bazan,151,114,2.2800000000000016,0.0020918700349538927
micro_density_0.012,fr::Andre Gide,151,114,2.295238095238097,0.002105850787067202
micro_density_0.012,en::Lord Dunsany,128,113,2.465981047937571,0.002262505202168772
micro_density_0.012,en::W. E. B. Du Bois,176,112,2.2101010101010115,0.002027738630373523
micro_density_0.012,de::Heinrich Heine,120,111,2.7705882352941154,0.0025419782932489215
micro_density_0.012,en::W. W. Jacobs,139,106,2.1559925442684076,0.001978094824096089
micro_density_0.012,de::Ludwig Ganghofer,118,106,2.1856849883662473,0.0020053372513210077
micro_density_0.012,fr::Villiers de l'Isle-Adam,165,104,2.14857142857143,0.0019712860479766006
micro_density_0.012,de::Paul Heyse,108,103,2.0694117647058836,0.0018986580967409168
micro_density_0.012,de::Hermann Hesse,105,98,2.325490196078433,0.0021336066919980363
micro_density_0.012,it::Giuseppe Giacosa,125,88,1.7600000000000011,0.0016147768690872154
micro_density_0.012,de::Hermann Sudermann,107,86,1.9656410256410268,0.001803449807462499
micro_density_0.012,en::Thomas Jefferson,176,80,1.5009269162210337,0.0013770807196046184
micro_density_0.012,fr::Emile Zola,137,76,1.5238095238095248,0.0013980752113309225
micro_density_0.012,fr::Octave Feuillet,102,76,1.53904761904762,0.0014120559634442317
micro_density_0.012,fr::Marcel Schwob,82,61,1.235238095238096,0.0011333147181851288
micro_density_0.012,ja::Mori Ogai,55,48,1.2150000000000007,0.0011147465317846402
micro_density_0.012,fr::George Sand,48,43,0.8600000000000004,0.0007890386973948892
micro_density_0.012,fr::Prosper Merimee,41,40,0.8038095238095242,0.0007374846739770614
micro_density_0.012,en::Ernest Hemingway,133,34,0.6800000000000003,0.0006238910630564239
micro_density_0.012,ja::Natsume Soseki,30,27,0.7537679425837323,0.0006915721808770854
micro_density_0.012,en::Barack Obama,106,6,0.10505050505050506,9.638245775084383e-05
